domain,registrar_status,premium,registration_usd_per_year,renewal_usd_per_year,registrar_timestamp
aatos.ai,UNAVAILABLE,0,82.7,82.7,2026-09-05 22:15:24
aava.ai,UNAVAILABLE,0,82.7,82.7,2026-09-05 22:15:30
accorto.ai,AVAILABLE,0,82.7,82.7,2026-09-05 22:14:25
adarme.ai,AVAILABLE,0,82.7,82.7,2026-09-05 22:14:37
adentro.ai,UNAVAILABLE,0,82.7,82.7,2026-09-05 22:14:31
adumbral.ai,AVAILABLE,0,82.7,82.7,2026-09-05 22:16:09
aflora.ai,UNAVAILABLE,0,82.7,82.7,2026-09-05 22:14:37
agnoia.ai,AVAILABLE,0,82.7,82.7,2026-09-05 22:14:19
ahndung.ai,AVAILABLE,0,82.7,82.7,2026-09-05 22:15:37
ahnen.ai,AVAILABLE,0,82.7,82.7,2026-09-05 22:15:30
ahnung.ai,AVAILABLE,0,82.7,82.7,2026-09-05 22:15:37
aisti.ai,UNAVAILABLE,0,82.7,82.7,2026-09-05 22:15:24
aistia.ai,UNAVAILABLE,0,82.7,82.7,2026-09-05 22:15:24
ajatus.ai,AVAILABLE,0,82.7,82.7,2026-09-05 22:15:24
akari.ai,UNAVAILABLE,0,82.7,82.7,2026-09-05 22:15:24
alar.ai,UNAVAILABLE,0,82.7,82.7,2026-09-05 22:15:56
alento.ai,UNAVAILABLE,0,82.7,82.7,2026-09-05 22:14:37
alethe.ai,UNAVAILABLE,0,82.7,82.7,2026-09-05 22:14:19
alethea.ai,UNAVAILABLE,0,82.7,82.7,2026-09-05 22:14:19
alidade.ai,UNAVAILABLE,0,82.7,82.7,2026-09-05 22:16:09
alula.ai,UNAVAILABLE,0,82.7,82.7,2026-09-05 22:15:56
alveus.ai,UNAVAILABLE,0,82.7,82.7,2026-09-05 22:15:56
anfract.ai,AVAILABLE,0,82.7,82.7,2026-09-05 22:16:15
anima.ai,UNAVAILABLE,0,82.7,82.7,2026-09-05 22:15:43
animo.ai,UNAVAILABLE,0,82.7,82.7,2026-09-05 22:15:43
animus.ai,UNAVAILABLE,0,82.7,82.7,2026-09-05 22:15:43
aning.ai,UNAVAILABLE,0,82.7,82.7,2026-09-05 22:15:37
apercu.ai,UNAVAILABLE,0,82.7,82.7,2026-09-05 22:14:25
aperio.ai,UNAVAILABLE,0,82.7,82.7,2026-09-05 22:15:43
areola.ai,AVAILABLE,0,82.7,82.7,2026-09-05 22:15:56
areole.ai,AVAILABLE,0,82.7,82.7,2026-09-05 22:15:56
armilla.ai,UNAVAILABLE,0,82.7,82.7,2026-09-05 22:16:09
asola.ai,AVAILABLE,0,82.7,82.7,2026-09-05 22:14:25
asomar.ai,AVAILABLE,0,82.7,82.7,2026-09-05 22:14:31
asomo.ai,AVAILABLE,0,82.7,82.7,2026-09-05 22:14:31
assioma.ai,UNAVAILABLE,0,82.7,82.7,2026-09-05 22:14:19
atinar.ai,AVAILABLE,0,82.7,82.7,2026-09-05 22:14:31
atino.ai,UNAVAILABLE,0,82.7,82.7,2026-09-05 22:14:31
atisba.ai,AVAILABLE,0,82.7,82.7,2026-09-05 22:14:31
atisbo.ai,UNAVAILABLE,0,82.7,82.7,2026-09-05 22:14:11
aureole.ai,UNAVAILABLE,0,82.7,82.7,2026-09-05 22:16:09
auroral.ai,UNAVAILABLE,0,82.7,82.7,2026-09-05 22:16:09
avistar.ai,UNAVAILABLE,0,82.7,82.7,2026-09-05 22:14:31
axon.ai,UNAVAILABLE,0,82.7,82.7,2026-09-05 22:15:50
azimuth.ai,UNAVAILABLE,0,82.7,82.7,2026-09-05 22:16:09
bifold.ai,UNAVAILABLE,0,82.7,82.7,2026-09-05 22:16:02
bosquejo.ai,AVAILABLE,0,82.7,82.7,2026-09-05 22:14:31
bract.ai,UNAVAILABLE,0,82.7,82.7,2026-09-05 22:16:17
bracteal.ai,AVAILABLE,0,82.7,82.7,2026-09-05 22:16:17
brote.ai,UNAVAILABLE,0,82.7,82.7,2026-09-05 22:14:31
brujula.ai,UNAVAILABLE,0,82.7,82.7,2026-09-05 22:14:37
calice.ai,UNAVAILABLE,0,82.7,82.7,2026-09-05 22:16:17
calyce.ai,AVAILABLE,0,82.7,82.7,2026-09-05 22:16:17
calyx.ai,UNAVAILABLE,0,82.7,82.7,2026-09-05 22:16:17
candent.ai,UNAVAILABLE,0,82.7,82.7,2026-09-05 22:16:02
candor.ai,UNAVAILABLE,0,82.7,82.7,2026-09-05 22:16:02
catkin.ai,UNAVAILABLE,0,82.7,82.7,2026-09-05 22:16:17
catopta.ai,AVAILABLE,0,82.7,82.7,2026-09-05 22:16:09
cauce.ai,UNAVAILABLE,0,82.7,82.7,2026-09-05 22:14:31
cauces.ai,AVAILABLE,0,82.7,82.7,2026-09-05 22:14:31
caustic.ai,UNAVAILABLE,0,82.7,82.7,2026-09-05 22:16:09
caustics.ai,UNAVAILABLE,0,82.7,82.7,2026-09-05 22:16:09
celaje.ai,AVAILABLE,0,82.7,82.7,2026-09-05 22:14:31
cernere.ai,UNAVAILABLE,0,82.7,82.7,2026-09-05 22:15:43
cernis.ai,UNAVAILABLE,0,82.7,82.7,2026-09-05 22:15:43
cerno.ai,UNAVAILABLE,0,82.7,82.7,2026-09-05 22:15:43
chiarore.ai,UNAVAILABLE,0,82.7,82.7,2026-09-05 22:14:25
clarear.ai,AVAILABLE,0,82.7,82.7,2026-09-05 22:14:37
clartes.ai,AVAILABLE,0,82.7,82.7,2026-09-05 22:14:31
cogito.ai,UNAVAILABLE,0,82.7,82.7,2026-09-05 22:15:43
corolla.ai,UNAVAILABLE,0,82.7,82.7,2026-09-05 22:16:17
corollae.ai,AVAILABLE,0,82.7,82.7,2026-09-05 22:16:17
corymb.ai,UNAVAILABLE,0,82.7,82.7,2026-09-05 22:16:17
cyme.ai,UNAVAILABLE,0,82.7,82.7,2026-09-05 22:16:17
cymose.ai,AVAILABLE,0,82.7,82.7,2026-09-05 22:16:17
dedans.ai,AVAILABLE,0,82.7,82.7,2026-09-05 22:14:25
deepview.ai,UNAVAILABLE,0,82.7,82.7,2026-09-05 22:16:02
dendron.ai,UNAVAILABLE,0,82.7,82.7,2026-09-05 22:15:50
denken.ai,UNAVAILABLE,0,82.7,82.7,2026-09-05 22:15:30
denker.ai,UNAVAILABLE,0,82.7,82.7,2026-09-05 22:15:30
dentro.ai,UNAVAILABLE,0,82.7,82.7,2026-09-05 22:14:19
destello.ai,AVAILABLE,0,82.7,82.7,2026-09-05 22:14:37
desvela.ai,UNAVAILABLE,0,82.7,82.7,2026-09-05 22:14:31
desvelo.ai,AVAILABLE,0,82.7,82.7,2026-09-05 22:14:31
deuten.ai,AVAILABLE,0,82.7,82.7,2026-09-05 22:15:37
deuter.ai,AVAILABLE,0,82.7,82.7,2026-09-05 22:15:37
devaneio.ai,AVAILABLE,0,82.7,82.7,2026-09-05 22:14:37
devoile.ai,UNAVAILABLE,0,82.7,82.7,2026-09-05 22:14:25
devoiler.ai,AVAILABLE,0,82.7,82.7,2026-09-05 22:14:25
dianoia.ai,UNAVAILABLE,0,82.7,82.7,2026-09-05 22:14:11
diaphan.ai,AVAILABLE,0,82.7,82.7,2026-09-05 22:16:09
dimora.ai,UNAVAILABLE,0,82.7,82.7,2026-09-05 22:14:25
diopter.ai,UNAVAILABLE,0,82.7,82.7,2026-09-05 22:16:09
dioptra.ai,UNAVAILABLE,0,82.7,82.7,2026-09-05 22:16:09
dioptre.ai,AVAILABLE,0,82.7,82.7,2026-09-05 22:16:09
disvelo.ai,AVAILABLE,0,82.7,82.7,2026-09-05 22:14:19
doxa.ai,UNAVAILABLE,0,82.7,82.7,2026-09-05 22:14:19
eclaire.ai,UNAVAILABLE,0,82.7,82.7,2026-09-05 22:14:31
eclat.ai,UNAVAILABLE,0,82.7,82.7,2026-09-05 22:14:31
eclore.ai,UNAVAILABLE,0,82.7,82.7,2026-09-05 22:14:25
eidetic.ai,UNAVAILABLE,0,82.7,82.7,2026-09-05 22:14:19
eidola.ai,UNAVAILABLE,0,82.7,82.7,2026-09-05 22:14:19
eidolon.ai,UNAVAILABLE,0,82.7,82.7,2026-09-05 22:14:19
eidos.ai,UNAVAILABLE,0,82.7,82.7,2026-09-05 22:14:19
eikasia.ai,UNAVAILABLE,0,82.7,82.7,2026-09-05 22:14:11
einblick.ai,UNAVAILABLE,0,82.7,82.7,2026-09-05 22:15:30
elava.ai,UNAVAILABLE,0,82.7,82.7,2026-09-05 22:15:30
elicere.ai,AVAILABLE,0,82.7,82.7,2026-09-05 22:16:15
elicit.ai,UNAVAILABLE,0,82.7,82.7,2026-09-05 22:16:15
elicite.ai,AVAILABLE,0,82.7,82.7,2026-09-05 22:16:15
elucide.ai,UNAVAILABLE,0,82.7,82.7,2026-09-05 22:14:31
emoi.ai,UNAVAILABLE,0,82.7,82.7,2026-09-05 22:14:31
endon.ai,UNAVAILABLE,0,82.7,82.7,2026-09-05 22:14:11
energeia.ai,UNAVAILABLE,0,82.7,82.7,2026-09-05 22:14:19
energein.ai,AVAILABLE,0,82.7,82.7,2026-09-05 22:14:19
energeo.ai,UNAVAILABLE,0,82.7,82.7,2026-09-05 22:14:19
enfold.ai,UNAVAILABLE,0,82.7,82.7,2026-09-05 22:16:02
engram.ai,UNAVAILABLE,0,82.7,82.7,2026-09-05 22:15:43
engrama.ai,UNAVAILABLE,0,82.7,82.7,2026-09-05 22:15:43
ennoia.ai,UNAVAILABLE,0,82.7,82.7,2026-09-05 22:14:11
ensejo.ai,AVAILABLE,0,82.7,82.7,2026-09-05 22:14:37
ensoul.ai,UNAVAILABLE,0,82.7,82.7,2026-09-05 22:16:02
entender.ai,UNAVAILABLE,0,82.7,82.7,2026-09-05 22:14:37
entrevu.ai,AVAILABLE,0,82.7,82.7,2026-09-05 22:14:25
envers.ai,UNAVAILABLE,0,82.7,82.7,2026-09-05 22:14:25
epinoia.ai,UNAVAILABLE,0,82.7,82.7,2026-09-05 22:14:19
esbozo.ai,UNAVAILABLE,0,82.7,82.7,2026-09-05 22:14:31
esprit.ai,UNAVAILABLE,0,82.7,82.7,2026-09-05 22:14:31
eveil.ai,UNAVAILABLE,0,82.7,82.7,2026-09-05 22:14:31
evince.ai,UNAVAILABLE,0,82.7,82.7,2026-09-05 22:16:15
evolute.ai,UNAVAILABLE,0,82.7,82.7,2026-09-05 22:16:15
facet.ai,UNAVAILABLE,0,82.7,82.7,2026-09-05 22:16:09
facetia.ai,AVAILABLE,0,82.7,82.7,2026-09-05 22:16:09
facetiae.ai,AVAILABLE,0,82.7,82.7,2026-09-05 22:16:09
faden.ai,UNAVAILABLE,0,82.7,82.7,2026-09-05 22:15:37
falte.ai,AVAILABLE,0,82.7,82.7,2026-09-05 22:15:37
falten.ai,AVAILABLE,0,82.7,82.7,2026-09-05 22:15:37
fanal.ai,UNAVAILABLE,0,82.7,82.7,2026-09-05 22:16:09
fascial.ai,AVAILABLE,0,82.7,82.7,2026-09-05 22:15:56
fascicle.ai,AVAILABLE,0,82.7,82.7,2026-09-05 22:15:56
feinsinn.ai,AVAILABLE,0,82.7,82.7,2026-09-05 22:15:37
feixe.ai,AVAILABLE,0,82.7,82.7,2026-09-05 22:14:37
fibril.ai,UNAVAILABLE,0,82.7,82.7,2026-09-05 22:15:56
figura.ai,UNAVAILABLE,0,82.7,82.7,2026-09-05 22:15:43
filar.ai,UNAVAILABLE,0,82.7,82.7,2026-09-05 22:16:17
filo.ai,UNAVAILABLE,0,82.7,82.7,2026-09-05 22:14:25
filose.ai,AVAILABLE,0,82.7,82.7,2026-09-05 22:16:17
filum.ai,UNAVAILABLE,0,82.7,82.7,2026-09-05 22:15:56
fleuron.ai,UNAVAILABLE,0,82.7,82.7,2026-09-05 22:16:17
floret.ai,UNAVAILABLE,0,82.7,82.7,2026-09-05 22:16:17
folio.ai,UNAVAILABLE,0,82.7,82.7,2026-09-05 22:15:50
forma.ai,UNAVAILABLE,0,82.7,82.7,2026-09-05 22:15:43
fresta.ai,AVAILABLE,0,82.7,82.7,2026-09-05 22:14:37
frond.ai,UNAVAILABLE,0,82.7,82.7,2026-09-05 22:16:17
frondlet.ai,AVAILABLE,0,82.7,82.7,2026-09-05 22:16:17
fulgur.ai,UNAVAILABLE,0,82.7,82.7,2026-09-05 22:15:43
geodesic.ai,UNAVAILABLE,0,82.7,82.7,2026-09-05 22:16:02
geodesy.ai,UNAVAILABLE,0,82.7,82.7,2026-09-05 22:16:02
germen.ai,UNAVAILABLE,0,82.7,82.7,2026-09-05 22:15:50
glia.ai,UNAVAILABLE,0,82.7,82.7,2026-09-05 22:15:50
glimt.ai,AVAILABLE,0,82.7,82.7,2026-09-05 22:15:37
glod.ai,UNAVAILABLE,0,82.7,82.7,2026-09-05 22:15:37
glossa.ai,UNAVAILABLE,0,82.7,82.7,2026-09-05 22:15:50
glossal.ai,AVAILABLE,0,82.7,82.7,2026-09-05 22:15:50
glotta.ai,UNAVAILABLE,0,82.7,82.7,2026-09-05 22:15:37
glume.ai,UNAVAILABLE,0,82.7,82.7,2026-09-05 22:16:17
gnosis.ai,UNAVAILABLE,0,82.7,82.7,2026-09-05 22:14:19
gyri.ai,UNAVAILABLE,0,82.7,82.7,2026-09-05 22:15:50
gyrus.ai,UNAVAILABLE,0,82.7,82.7,2026-09-05 22:15:50
hajime.ai,UNAVAILABLE,0,82.7,82.7,2026-09-05 22:15:24
havainto.ai,AVAILABLE,0,82.7,82.7,2026-09-05 22:15:24
havaita.ai,AVAILABLE,0,82.7,82.7,2026-09-05 22:15:24
hazama.ai,AVAILABLE,0,82.7,82.7,2026-09-05 22:15:24
hebra.ai,UNAVAILABLE,0,82.7,82.7,2026-09-05 22:14:31
helming.ai,UNAVAILABLE,0,82.7,82.7,2026-09-05 22:16:15
hibari.ai,AVAILABLE,0,82.7,82.7,2026-09-05 22:15:24
hibiki.ai,UNAVAILABLE,0,82.7,82.7,2026-09-05 22:14:37
hilar.ai,UNAVAILABLE,0,82.7,82.7,2026-09-05 22:14:31
hilvan.ai,AVAILABLE,0,82.7,82.7,2026-09-05 22:14:31
hinata.ai,UNAVAILABLE,0,82.7,82.7,2026-09-05 22:15:24
hizashi.ai,AVAILABLE,0,82.7,82.7,2026-09-05 22:15:24
hohde.ai,AVAILABLE,0,82.7,82.7,2026-09-05 22:15:30
horama.ai,UNAVAILABLE,0,82.7,82.7,2026-09-05 22:14:11
hotaru.ai,UNAVAILABLE,0,82.7,82.7,2026-09-05 22:15:24
hyle.ai,UNAVAILABLE,0,82.7,82.7,2026-09-05 22:14:19
illume.ai,UNAVAILABLE,0,82.7,82.7,2026-09-05 22:16:02
imago.ai,UNAVAILABLE,0,82.7,82.7,2026-09-05 22:15:43
inblick.ai,UNAVAILABLE,0,82.7,82.7,2026-09-05 22:15:30
infold.ai,UNAVAILABLE,0,82.7,82.7,2026-09-05 22:16:02
inhere.ai,UNAVAILABLE,0,82.7,82.7,2026-09-05 22:16:02
innen.ai,AVAILABLE,0,82.7,82.7,2026-09-05 22:15:30
innside.ai,AVAILABLE,0,82.7,82.7,2026-09-05 22:15:37
innsikt.ai,UNAVAILABLE,0,82.7,82.7,2026-09-05 22:15:37
innsyn.ai,UNAVAILABLE,0,82.7,82.7,2026-09-05 22:15:37
inscape.ai,UNAVAILABLE,0,82.7,82.7,2026-09-05 22:16:02
inspect.ai,UNAVAILABLE,0,82.7,82.7,2026-09-05 22:16:02
insyn.ai,UNAVAILABLE,0,82.7,82.7,2026-09-05 22:15:43
intento.ai,UNAVAILABLE,0,82.7,82.7,2026-09-05 22:14:25
intima.ai,UNAVAILABLE,0,82.7,82.7,2026-09-05 22:15:50
intimo.ai,UNAVAILABLE,0,82.7,82.7,2026-09-05 22:14:19
intone.ai,UNAVAILABLE,0,82.7,82.7,2026-09-05 22:15:56
intrace.ai,UNAVAILABLE,0,82.7,82.7,2026-09-05 22:16:02
intuito.ai,UNAVAILABLE,0,82.7,82.7,2026-09-05 22:14:25
intus.ai,UNAVAILABLE,0,82.7,82.7,2026-09-05 22:15:43
involute.ai,UNAVAILABLE,0,82.7,82.7,2026-09-05 22:16:15
inward.ai,UNAVAILABLE,0,82.7,82.7,2026-09-05 22:16:02
iridal.ai,UNAVAILABLE,0,82.7,82.7,2026-09-05 22:16:09
irides.ai,AVAILABLE,0,82.7,82.7,2026-09-05 22:16:09
iridic.ai,AVAILABLE,0,82.7,82.7,2026-09-05 22:16:09
isocline.ai,UNAVAILABLE,0,82.7,82.7,2026-09-05 22:16:02
isogon.ai,UNAVAILABLE,0,82.7,82.7,2026-09-05 22:16:02
isogone.ai,AVAILABLE,0,82.7,82.7,2026-09-05 22:16:02
isophote.ai,AVAILABLE,0,82.7,82.7,2026-09-05 22:16:02
isopleth.ai,AVAILABLE,0,82.7,82.7,2026-09-05 22:16:02
kagami.ai,UNAVAILABLE,0,82.7,82.7,2026-09-05 22:15:24
kagero.ai,AVAILABLE,0,82.7,82.7,2026-09-05 22:15:24
kajastus.ai,AVAILABLE,0,82.7,82.7,2026-09-05 22:15:30
kajava.ai,AVAILABLE,0,82.7,82.7,2026-09-05 22:15:30
kajo.ai,UNAVAILABLE,0,82.7,82.7,2026-09-05 22:15:30
kajota.ai,AVAILABLE,0,82.7,82.7,2026-09-05 22:15:30
kasanari.ai,AVAILABLE,0,82.7,82.7,2026-09-05 22:14:37
kasane.ai,UNAVAILABLE,0,82.7,82.7,2026-09-05 22:14:37
katse.ai,AVAILABLE,0,82.7,82.7,2026-09-05 22:15:30
keel.ai,UNAVAILABLE,0,82.7,82.7,2026-09-05 22:16:15
keim.ai,AVAILABLE,0,82.7,82.7,2026-09-05 22:15:37
kenning.ai,UNAVAILABLE,0,82.7,82.7,2026-09-05 22:16:15
kenspeck.ai,AVAILABLE,0,82.7,82.7,2026-09-05 22:16:15
kielo.ai,UNAVAILABLE,0,82.7,82.7,2026-09-05 22:15:30
kioku.ai,UNAVAILABLE,0,82.7,82.7,2026-09-05 22:15:24
kirei.ai,UNAVAILABLE,0,82.7,82.7,2026-09-05 22:15:24
klarna.ai,UNAVAILABLE,0,82.7,82.7,2026-09-05 22:15:37
kodama.ai,UNAVAILABLE,0,82.7,82.7,2026-09-05 22:15:24
kohaku.ai,UNAVAILABLE,0,82.7,82.7,2026-09-05 22:15:24
kokoro.ai,UNAVAILABLE,0,82.7,82.7,2026-09-05 22:14:37
komorebi.ai,UNAVAILABLE,0,82.7,82.7,2026-09-05 22:15:24
kotoba.ai,UNAVAILABLE,0,82.7,82.7,2026-09-05 22:15:24
krinein.ai,AVAILABLE,0,82.7,82.7,2026-09-05 22:14:19
kuulas.ai,AVAILABLE,0,82.7,82.7,2026-09-05 22:15:30
kuulto.ai,AVAILABLE,0,82.7,82.7,2026-09-05 22:15:30
laine.ai,UNAVAILABLE,0,82.7,82.7,2026-09-05 22:15:30
lamella.ai,UNAVAILABLE,0,82.7,82.7,2026-09-05 22:15:50
lamina.ai,UNAVAILABLE,0,82.7,82.7,2026-09-05 22:15:50
lanka.ai,UNAVAILABLE,0,82.7,82.7,2026-09-05 22:15:30
lanthorn.ai,UNAVAILABLE,0,82.7,82.7,2026-09-05 22:16:09
latebra.ai,AVAILABLE,0,82.7,82.7,2026-09-05 22:15:43
latebrae.ai,AVAILABLE,0,82.7,82.7,2026-09-05 22:15:50
latens.ai,UNAVAILABLE,0,82.7,82.7,2026-09-05 22:15:43
lateo.ai,UNAVAILABLE,0,82.7,82.7,2026-09-05 22:15:43
lauschen.ai,AVAILABLE,0,82.7,82.7,2026-09-05 22:15:37
legato.ai,UNAVAILABLE,0,82.7,82.7,2026-09-05 22:15:56
lemma.ai,UNAVAILABLE,0,82.7,82.7,2026-09-05 22:16:17
lexeme.ai,UNAVAILABLE,0,82.7,82.7,2026-09-05 22:15:50
ligula.ai,AVAILABLE,0,82.7,82.7,2026-09-05 22:16:17
ligule.ai,AVAILABLE,0,82.7,82.7,2026-09-05 22:16:17
limbus.ai,UNAVAILABLE,0,82.7,82.7,2026-09-05 22:15:50
limen.ai,UNAVAILABLE,0,82.7,82.7,2026-09-05 22:15:43
limina.ai,UNAVAILABLE,0,82.7,82.7,2026-09-05 22:15:43
limner.ai,UNAVAILABLE,0,82.7,82.7,2026-09-05 22:16:09
limpid.ai,UNAVAILABLE,0,82.7,82.7,2026-09-05 22:16:09
lisiere.ai,AVAILABLE,0,82.7,82.7,2026-09-05 22:14:25
ljus.ai,UNAVAILABLE,0,82.7,82.7,2026-09-05 22:15:37
logia.ai,UNAVAILABLE,0,82.7,82.7,2026-09-05 22:14:19
loimu.ai,AVAILABLE,0,82.7,82.7,2026-09-05 22:15:30
lucarne.ai,AVAILABLE,0,82.7,82.7,2026-09-05 22:16:09
lucency.ai,UNAVAILABLE,0,82.7,82.7,2026-09-05 22:16:02
lucent.ai,UNAVAILABLE,0,82.7,82.7,2026-09-05 22:15:43
lucern.ai,UNAVAILABLE,0,82.7,82.7,2026-09-05 22:16:09
lucerna.ai,UNAVAILABLE,0,82.7,82.7,2026-09-05 22:16:09
lucida.ai,UNAVAILABLE,0,82.7,82.7,2026-09-05 22:14:31
lucidez.ai,UNAVAILABLE,0,82.7,82.7,2026-09-05 22:14:31
lucido.ai,UNAVAILABLE,0,82.7,82.7,2026-09-05 22:14:31
luciole.ai,UNAVAILABLE,0,82.7,82.7,2026-09-05 22:14:31
lucule.ai,AVAILABLE,0,82.7,82.7,2026-09-05 22:16:02
lueur.ai,UNAVAILABLE,0,82.7,82.7,2026-09-05 22:14:25
lueurs.ai,AVAILABLE,0,82.7,82.7,2026-09-05 22:14:25
luff.ai,UNAVAILABLE,0,82.7,82.7,2026-09-05 22:16:15
luffing.ai,AVAILABLE,0,82.7,82.7,2026-09-05 22:16:15
luisant.ai,AVAILABLE,0,82.7,82.7,2026-09-05 22:14:31
lumen.ai,UNAVAILABLE,0,82.7,82.7,2026-09-05 22:15:43
lumet.ai,UNAVAILABLE,0,82.7,82.7,2026-09-05 22:15:50
lumina.ai,UNAVAILABLE,0,82.7,82.7,2026-09-05 22:15:43
luminate.ai,UNAVAILABLE,0,82.7,82.7,2026-09-05 22:16:02
lunula.ai,AVAILABLE,0,82.7,82.7,2026-09-05 22:16:09
lunule.ai,AVAILABLE,0,82.7,82.7,2026-09-05 22:16:09
luoto.ai,UNAVAILABLE,0,82.7,82.7,2026-09-05 22:15:30
luova.ai,UNAVAILABLE,0,82.7,82.7,2026-09-05 22:15:30
lysa.ai,UNAVAILABLE,0,82.7,82.7,2026-09-05 22:15:37
madobe.ai,AVAILABLE,0,82.7,82.7,2026-09-05 22:15:24
madori.ai,UNAVAILABLE,0,82.7,82.7,2026-09-05 22:15:24
manabi.ai,UNAVAILABLE,0,82.7,82.7,2026-09-05 22:14:37
manabu.ai,UNAVAILABLE,0,82.7,82.7,2026-09-05 22:14:37
matassa.ai,UNAVAILABLE,0,82.7,82.7,2026-09-05 22:14:19
medula.ai,UNAVAILABLE,0,82.7,82.7,2026-09-05 22:14:37
mens.ai,UNAVAILABLE,0,82.7,82.7,2026-09-05 22:15:43
mentis.ai,UNAVAILABLE,0,82.7,82.7,2026-09-05 22:15:43
merism.ai,AVAILABLE,0,82.7,82.7,2026-09-05 22:15:56
metanoia.ai,UNAVAILABLE,0,82.7,82.7,2026-09-05 22:14:19
michi.ai,UNAVAILABLE,0,82.7,82.7,2026-09-05 22:14:37
mieli.ai,UNAVAILABLE,0,82.7,82.7,2026-09-05 22:15:24
minamo.ai,UNAVAILABLE,0,82.7,82.7,2026-09-05 22:15:24
miolo.ai,UNAVAILABLE,0,82.7,82.7,2026-09-05 22:14:37
mirada.ai,UNAVAILABLE,0,82.7,82.7,2026-09-05 22:14:31
mirino.ai,UNAVAILABLE,0,82.7,82.7,2026-09-05 22:14:25
mizuki.ai,UNAVAILABLE,0,82.7,82.7,2026-09-05 22:15:24
moira.ai,UNAVAILABLE,0,82.7,82.7,2026-09-05 22:16:09
moire.ai,UNAVAILABLE,0,82.7,82.7,2026-09-05 22:16:09
morula.ai,UNAVAILABLE,0,82.7,82.7,2026-09-05 22:15:50
mueca.ai,AVAILABLE,0,82.7,82.7,2026-09-05 22:14:31
muesca.ai,AVAILABLE,0,82.7,82.7,2026-09-05 22:14:31
murmure.ai,UNAVAILABLE,0,82.7,82.7,2026-09-05 22:14:25
nacre.ai,UNAVAILABLE,0,82.7,82.7,2026-09-05 22:16:09
nacrous.ai,AVAILABLE,0,82.7,82.7,2026-09-05 22:16:09
nagare.ai,UNAVAILABLE,0,82.7,82.7,2026-09-05 22:14:37
nagori.ai,UNAVAILABLE,0,82.7,82.7,2026-09-05 22:15:24
nervio.ai,UNAVAILABLE,0,82.7,82.7,2026-09-05 22:14:37
nervure.ai,UNAVAILABLE,0,82.7,82.7,2026-09-05 22:15:56
nesso.ai,UNAVAILABLE,0,82.7,82.7,2026-09-05 22:14:19
neurite.ai,UNAVAILABLE,0,82.7,82.7,2026-09-05 22:15:50
neurula.ai,UNAVAILABLE,0,82.7,82.7,2026-09-05 22:15:50
nitido.ai,UNAVAILABLE,0,82.7,82.7,2026-09-05 22:14:25
nitore.ai,AVAILABLE,0,82.7,82.7,2026-09-05 22:14:25
nodo.ai,UNAVAILABLE,0,82.7,82.7,2026-09-05 22:14:19
noein.ai,UNAVAILABLE,0,82.7,82.7,2026-09-05 22:14:19
noema.ai,UNAVAILABLE,0,82.7,82.7,2026-09-05 22:14:19
noeron.ai,UNAVAILABLE,0,82.7,82.7,2026-09-05 22:14:19
noesis.ai,UNAVAILABLE,0,82.7,82.7,2026-09-05 22:14:19
noetic.ai,UNAVAILABLE,0,82.7,82.7,2026-09-05 22:15:56
noetos.ai,UNAVAILABLE,0,82.7,82.7,2026-09-05 22:14:19
nosco.ai,UNAVAILABLE,0,82.7,82.7,2026-09-05 22:15:43
notum.ai,UNAVAILABLE,0,82.7,82.7,2026-09-05 22:15:56
noumen.ai,UNAVAILABLE,0,82.7,82.7,2026-09-05 22:15:56
noumena.ai,UNAVAILABLE,0,82.7,82.7,2026-09-05 22:15:56
noverim.ai,AVAILABLE,0,82.7,82.7,2026-09-05 22:15:43
nuage.ai,UNAVAILABLE,0,82.7,82.7,2026-09-05 22:14:25
nuance.ai,UNAVAILABLE,0,82.7,82.7,2026-09-05 22:14:31
nuancer.ai,UNAVAILABLE,0,82.7,82.7,2026-09-05 22:14:31
nucleo.ai,UNAVAILABLE,0,82.7,82.7,2026-09-05 22:14:19
ogee.ai,UNAVAILABLE,0,82.7,82.7,2026-09-05 22:15:50
ogive.ai,AVAILABLE,0,82.7,82.7,2026-09-05 22:15:50
oiva.ai,UNAVAILABLE,0,82.7,82.7,2026-09-05 22:15:24
oivallus.ai,UNAVAILABLE,0,82.7,82.7,2026-09-05 22:15:24
oivaltaa.ai,AVAILABLE,0,82.7,82.7,2026-09-05 22:15:24
oivata.ai,AVAILABLE,0,82.7,82.7,2026-09-05 22:15:24
olhar.ai,UNAVAILABLE,0,82.7,82.7,2026-09-05 22:14:37
olho.ai,UNAVAILABLE,0,82.7,82.7,2026-09-05 22:14:37
omoi.ai,UNAVAILABLE,0,82.7,82.7,2026-09-05 22:14:37
omote.ai,UNAVAILABLE,0,82.7,82.7,2026-09-05 22:14:37
opalin.ai,UNAVAILABLE,0,82.7,82.7,2026-09-05 22:16:09
opalina.ai,UNAVAILABLE,0,82.7,82.7,2026-09-05 22:16:09
opaline.ai,UNAVAILABLE,0,82.7,82.7,2026-09-05 22:16:09
opsis.ai,UNAVAILABLE,0,82.7,82.7,2026-09-05 22:14:19
orama.ai,UNAVAILABLE,0,82.7,82.7,2026-09-05 22:14:19
ordire.ai,AVAILABLE,0,82.7,82.7,2026-09-05 22:14:25
ordito.ai,UNAVAILABLE,0,82.7,82.7,2026-09-05 22:14:19
oriel.ai,UNAVAILABLE,0,82.7,82.7,2026-09-05 22:15:50
orlare.ai,AVAILABLE,0,82.7,82.7,2026-09-05 22:14:25
otear.ai,UNAVAILABLE,0,82.7,82.7,2026-09-05 22:14:31
ousia.ai,UNAVAILABLE,0,82.7,82.7,2026-09-05 22:14:19
palea.ai,UNAVAILABLE,0,82.7,82.7,2026-09-05 22:16:17
pateo.ai,UNAVAILABLE,0,82.7,82.7,2026-09-05 22:15:43
pelucid.ai,AVAILABLE,0,82.7,82.7,2026-09-05 22:16:15
pensar.ai,UNAVAILABLE,0,82.7,82.7,2026-09-05 22:14:37
pensare.ai,UNAVAILABLE,0,82.7,82.7,2026-09-05 22:14:25
pensato.ai,UNAVAILABLE,0,82.7,82.7,2026-09-05 22:14:25
pensee.ai,UNAVAILABLE,0,82.7,82.7,2026-09-05 22:14:31
penser.ai,UNAVAILABLE,0,82.7,82.7,2026-09-05 22:14:31
pensiero.ai,UNAVAILABLE,0,82.7,82.7,2026-09-05 22:14:25
penumbra.ai,UNAVAILABLE,0,82.7,82.7,2026-09-05 22:16:09
percee.ai,UNAVAILABLE,0,82.7,82.7,2026-09-05 22:14:25
perspic.ai,UNAVAILABLE,0,82.7,82.7,2026-09-05 22:16:15
phaino.ai,UNAVAILABLE,0,82.7,82.7,2026-09-05 22:14:11
phare.ai,UNAVAILABLE,0,82.7,82.7,2026-09-05 22:16:09
phares.ai,AVAILABLE,0,82.7,82.7,2026-09-05 22:16:09
pharos.ai,UNAVAILABLE,0,82.7,82.7,2026-09-05 22:16:09
phasis.ai,UNAVAILABLE,0,82.7,82.7,2026-09-05 22:14:19
phonic.ai,UNAVAILABLE,0,82.7,82.7,2026-09-05 22:15:56
phren.ai,UNAVAILABLE,0,82.7,82.7,2026-09-05 22:14:19
phrena.ai,UNAVAILABLE,0,82.7,82.7,2026-09-05 22:14:19
phronema.ai,UNAVAILABLE,0,82.7,82.7,2026-09-05 22:14:19
phronis.ai,UNAVAILABLE,0,82.7,82.7,2026-09-05 22:14:19
piega.ai,AVAILABLE,0,82.7,82.7,2026-09-05 22:14:25
pieghe.ai,AVAILABLE,0,82.7,82.7,2026-09-05 22:14:25
pinna.ai,UNAVAILABLE,0,82.7,82.7,2026-09-05 22:15:56
pinnule.ai,AVAILABLE,0,82.7,82.7,2026-09-05 22:15:56
pleat.ai,UNAVAILABLE,0,82.7,82.7,2026-09-05 22:16:17
pliant.ai,UNAVAILABLE,0,82.7,82.7,2026-09-05 22:14:31
plica.ai,AVAILABLE,0,82.7,82.7,2026-09-05 22:15:50
plicae.ai,AVAILABLE,0,82.7,82.7,2026-09-05 22:15:50
plicate.ai,AVAILABLE,0,82.7,82.7,2026-09-05 22:15:50
pliegue.ai,AVAILABLE,0,82.7,82.7,2026-09-05 22:14:31
pliure.ai,AVAILABLE,0,82.7,82.7,2026-09-05 22:14:31
portato.ai,AVAILABLE,0,82.7,82.7,2026-09-05 22:15:56
profilo.ai,UNAVAILABLE,0,82.7,82.7,2026-09-05 22:14:25
prosody.ai,UNAVAILABLE,0,82.7,82.7,2026-09-05 22:15:56
punoa.ai,AVAILABLE,0,82.7,82.7,2026-09-05 22:15:30
punos.ai,AVAILABLE,0,82.7,82.7,2026-09-05 22:15:30
purl.ai,UNAVAILABLE,0,82.7,82.7,2026-09-05 22:16:17
purlin.ai,UNAVAILABLE,0,82.7,82.7,2026-09-05 22:16:17
purling.ai,AVAILABLE,0,82.7,82.7,2026-09-05 22:16:17
radula.ai,AVAILABLE,0,82.7,82.7,2026-09-05 22:15:56
raggio.ai,UNAVAILABLE,0,82.7,82.7,2026-09-05 22:14:19
raison.ai,UNAVAILABLE,0,82.7,82.7,2026-09-05 22:14:25
raita.ai,UNAVAILABLE,0,82.7,82.7,2026-09-05 22:15:30
ramal.ai,UNAVAILABLE,0,82.7,82.7,2026-09-05 22:15:56
ramus.ai,UNAVAILABLE,0,82.7,82.7,2026-09-05 22:15:56
rasgo.ai,UNAVAILABLE,0,82.7,82.7,2026-09-05 22:14:31
rastro.ai,UNAVAILABLE,0,82.7,82.7,2026-09-05 22:14:37
raum.ai,UNAVAILABLE,0,82.7,82.7,2026-09-05 22:15:37
raunen.ai,AVAILABLE,0,82.7,82.7,2026-09-05 22:15:37
ravel.ai,UNAVAILABLE,0,82.7,82.7,2026-09-05 22:16:02
reflet.ai,UNAVAILABLE,0,82.7,82.7,2026-09-05 22:14:31
reflets.ai,AVAILABLE,0,82.7,82.7,2026-09-05 22:14:31
refocus.ai,UNAVAILABLE,0,82.7,82.7,2026-09-05 22:16:02
refold.ai,UNAVAILABLE,0,82.7,82.7,2026-09-05 22:16:02
relance.ai,UNAVAILABLE,0,82.7,82.7,2026-09-05 22:14:37
releve.ai,UNAVAILABLE,0,82.7,82.7,2026-09-05 22:14:25
relief.ai,UNAVAILABLE,0,82.7,82.7,2026-09-05 22:14:25
relume.ai,UNAVAILABLE,0,82.7,82.7,2026-09-05 22:15:43
rendija.ai,UNAVAILABLE,0,82.7,82.7,2026-09-05 22:14:37
replat.ai,UNAVAILABLE,0,82.7,82.7,2026-09-05 22:14:25
repli.ai,UNAVAILABLE,0,82.7,82.7,2026-09-05 22:14:25
resorte.ai,AVAILABLE,0,82.7,82.7,2026-09-05 22:14:31
retalho.ai,UNAVAILABLE,0,82.7,82.7,2026-09-05 22:14:37
retazo.ai,AVAILABLE,0,82.7,82.7,2026-09-05 22:14:31
retazos.ai,AVAILABLE,0,82.7,82.7,2026-09-05 22:14:37
rete.ai,UNAVAILABLE,0,82.7,82.7,2026-09-05 22:15:50
rethread.ai,UNAVAILABLE,0,82.7,82.7,2026-09-05 22:16:02
retia.ai,UNAVAILABLE,0,82.7,82.7,2026-09-05 22:15:50
reticle.ai,UNAVAILABLE,0,82.7,82.7,2026-09-05 22:15:50
retune.ai,UNAVAILABLE,0,82.7,82.7,2026-09-05 22:15:56
reveal.ai,UNAVAILABLE,0,82.7,82.7,2026-09-05 22:16:02
reveil.ai,UNAVAILABLE,0,82.7,82.7,2026-09-05 22:14:25
revelar.ai,UNAVAILABLE,0,82.7,82.7,2026-09-05 22:14:37
revers.ai,UNAVAILABLE,0,82.7,82.7,2026-09-05 22:14:25
ricalco.ai,AVAILABLE,0,82.7,82.7,2026-09-05 22:14:19
ricamo.ai,UNAVAILABLE,0,82.7,82.7,2026-09-05 22:14:25
rilievo.ai,AVAILABLE,0,82.7,82.7,2026-09-05 22:14:19
rill.ai,UNAVAILABLE,0,82.7,82.7,2026-09-05 22:16:15
rimple.ai,AVAILABLE,0,82.7,82.7,2026-09-05 22:16:15
ripple.ai,UNAVAILABLE,0,82.7,82.7,2026-09-05 22:16:15
risalto.ai,UNAVAILABLE,0,82.7,82.7,2026-09-05 22:14:19
risvolto.ai,AVAILABLE,0,82.7,82.7,2026-09-05 22:14:11
rubato.ai,UNAVAILABLE,0,82.7,82.7,2026-09-05 22:15:56
ruche.ai,UNAVAILABLE,0,82.7,82.7,2026-09-05 22:16:15
ruched.ai,AVAILABLE,0,82.7,82.7,2026-09-05 22:16:15
ruching.ai,AVAILABLE,0,82.7,82.7,2026-09-05 22:16:15
rucking.ai,UNAVAILABLE,0,82.7,82.7,2026-09-05 22:16:17
rudder.ai,UNAVAILABLE,0,82.7,82.7,2026-09-05 22:16:15
runnel.ai,UNAVAILABLE,0,82.7,82.7,2026-09-05 22:16:15
saber.ai,UNAVAILABLE,0,82.7,82.7,2026-09-05 22:14:37
saperi.ai,AVAILABLE,0,82.7,82.7,2026-09-05 22:14:25
sapient.ai,UNAVAILABLE,0,82.7,82.7,2026-09-05 22:15:43
sapore.ai,UNAVAILABLE,0,82.7,82.7,2026-09-05 22:14:25
satori.ai,UNAVAILABLE,0,82.7,82.7,2026-09-05 22:14:37
sbircio.ai,AVAILABLE,0,82.7,82.7,2026-09-05 22:14:25
schau.ai,AVAILABLE,0,82.7,82.7,2026-09-05 22:15:37
scorcio.ai,AVAILABLE,0,82.7,82.7,2026-09-05 22:14:19
scull.ai,UNAVAILABLE,0,82.7,82.7,2026-09-05 22:16:15
sema.ai,UNAVAILABLE,0,82.7,82.7,2026-09-05 22:15:56
seme.ai,UNAVAILABLE,0,82.7,82.7,2026-09-05 22:15:56
sememe.ai,UNAVAILABLE,0,82.7,82.7,2026-09-05 22:15:50
semina.ai,UNAVAILABLE,0,82.7,82.7,2026-09-05 22:15:56
semino.ai,UNAVAILABLE,0,82.7,82.7,2026-09-05 22:15:56
semion.ai,UNAVAILABLE,0,82.7,82.7,2026-09-05 22:15:56
senno.ai,UNAVAILABLE,0,82.7,82.7,2026-09-05 22:14:19
sensa.ai,UNAVAILABLE,0,82.7,82.7,2026-09-05 22:15:43
sensio.ai,UNAVAILABLE,0,82.7,82.7,2026-09-05 22:15:43
senso.ai,UNAVAILABLE,0,82.7,82.7,2026-09-05 22:14:19
sensum.ai,UNAVAILABLE,0,82.7,82.7,2026-09-05 22:15:43
senti.ai,UNAVAILABLE,0,82.7,82.7,2026-09-05 22:14:31
sentic.ai,UNAVAILABLE,0,82.7,82.7,2026-09-05 22:15:43
sentio.ai,UNAVAILABLE,0,82.7,82.7,2026-09-05 22:15:43
sentir.ai,UNAVAILABLE,0,82.7,82.7,2026-09-05 22:14:31
sentire.ai,UNAVAILABLE,0,82.7,82.7,2026-09-05 22:15:43
serein.ai,UNAVAILABLE,0,82.7,82.7,2026-09-05 22:14:25
sesgar.ai,AVAILABLE,0,82.7,82.7,2026-09-05 22:14:31
sesgo.ai,UNAVAILABLE,0,82.7,82.7,2026-09-05 22:14:31
sesudo.ai,AVAILABLE,0,82.7,82.7,2026-09-05 22:14:31
sguardo.ai,UNAVAILABLE,0,82.7,82.7,2026-09-05 22:14:25
shiori.ai,UNAVAILABLE,0,82.7,82.7,2026-09-05 22:14:37
shirabe.ai,UNAVAILABLE,0,82.7,82.7,2026-09-05 22:14:37
shiru.ai,UNAVAILABLE,0,82.7,82.7,2026-09-05 22:14:37
shirube.ai,UNAVAILABLE,0,82.7,82.7,2026-09-05 22:14:37
shirushi.ai,UNAVAILABLE,0,82.7,82.7,2026-09-05 22:14:37
shizuku.ai,UNAVAILABLE,0,82.7,82.7,2026-09-05 22:15:24
sikt.ai,UNAVAILABLE,0,82.7,82.7,2026-09-05 22:15:43
sillage.ai,UNAVAILABLE,0,82.7,82.7,2026-09-05 22:14:25
sinn.ai,UNAVAILABLE,0,82.7,82.7,2026-09-05 22:15:30
sinueux.ai,AVAILABLE,0,82.7,82.7,2026-09-05 22:14:25
sisalla.ai,AVAILABLE,0,82.7,82.7,2026-09-05 22:15:30
sisin.ai,AVAILABLE,0,82.7,82.7,2026-09-05 22:15:24
sisus.ai,AVAILABLE,0,82.7,82.7,2026-09-05 22:15:30
sken.ai,UNAVAILABLE,0,82.7,82.7,2026-09-05 22:15:43
skimra.ai,UNAVAILABLE,0,82.7,82.7,2026-09-05 22:15:37
skimte.ai,AVAILABLE,0,82.7,82.7,2026-09-05 22:15:37
slue.ai,UNAVAILABLE,0,82.7,82.7,2026-09-05 22:16:15
sluice.ai,UNAVAILABLE,0,82.7,82.7,2026-09-05 22:16:15
snodo.ai,UNAVAILABLE,0,82.7,82.7,2026-09-05 22:14:19
solmu.ai,UNAVAILABLE,0,82.7,82.7,2026-09-05 22:15:30
soma.ai,UNAVAILABLE,0,82.7,82.7,2026-09-05 22:15:50
somite.ai,UNAVAILABLE,0,82.7,82.7,2026-09-05 22:15:50
sonance.ai,UNAVAILABLE,0,82.7,82.7,2026-09-05 22:15:56
sonant.ai,UNAVAILABLE,0,82.7,82.7,2026-09-05 22:15:56
sonda.ai,UNAVAILABLE,0,82.7,82.7,2026-09-05 22:14:25
sondeo.ai,UNAVAILABLE,0,82.7,82.7,2026-09-05 22:14:31
songe.ai,UNAVAILABLE,0,82.7,82.7,2026-09-05 22:14:25
songes.ai,AVAILABLE,0,82.7,82.7,2026-09-05 22:14:25
sonhar.ai,AVAILABLE,0,82.7,82.7,2026-09-05 22:14:37
sonho.ai,UNAVAILABLE,0,82.7,82.7,2026-09-05 22:14:37
sonoro.ai,UNAVAILABLE,0,82.7,82.7,2026-09-05 22:14:25
sopro.ai,UNAVAILABLE,0,82.7,82.7,2026-09-05 22:14:37
soral.ai,UNAVAILABLE,0,82.7,82.7,2026-09-05 22:16:17
sorus.ai,UNAVAILABLE,0,82.7,82.7,2026-09-05 22:16:17
spola.ai,AVAILABLE,0,82.7,82.7,2026-09-05 22:14:19
spore.ai,UNAVAILABLE,0,82.7,82.7,2026-09-05 22:16:17
sporule.ai,AVAILABLE,0,82.7,82.7,2026-09-05 22:16:17
spuren.ai,AVAILABLE,0,82.7,82.7,2026-09-05 22:15:37
stipule.ai,AVAILABLE,0,82.7,82.7,2026-09-05 22:16:17
subrosa.ai,UNAVAILABLE,0,82.7,82.7,2026-09-05 22:16:02
sugata.ai,UNAVAILABLE,0,82.7,82.7,2026-09-05 22:14:37
sulci.ai,UNAVAILABLE,0,82.7,82.7,2026-09-05 22:15:50
sulcus.ai,UNAVAILABLE,0,82.7,82.7,2026-09-05 22:15:50
sutil.ai,AVAILABLE,0,82.7,82.7,2026-09-05 22:14:31
svelare.ai,AVAILABLE,0,82.7,82.7,2026-09-05 22:14:11
svelato.ai,UNAVAILABLE,0,82.7,82.7,2026-09-05 22:14:25
svelo.ai,UNAVAILABLE,0,82.7,82.7,2026-09-05 22:14:19
synlig.ai,UNAVAILABLE,0,82.7,82.7,2026-09-05 22:15:37
talamo.ai,UNAVAILABLE,0,82.7,82.7,2026-09-05 22:14:19
tankar.ai,AVAILABLE,0,82.7,82.7,2026-09-05 22:15:37
tanke.ai,UNAVAILABLE,0,82.7,82.7,2026-09-05 22:15:37
taxis.ai,UNAVAILABLE,0,82.7,82.7,2026-09-05 22:14:19
tela.ai,UNAVAILABLE,0,82.7,82.7,2026-09-05 22:14:25
tellur.ai,AVAILABLE,0,82.7,82.7,2026-09-05 22:16:09
tenere.ai,UNAVAILABLE,0,82.7,82.7,2026-09-05 22:15:50
tenuto.ai,UNAVAILABLE,0,82.7,82.7,2026-09-05 22:15:56
tepala.ai,AVAILABLE,0,82.7,82.7,2026-09-05 22:16:17
tepaline.ai,AVAILABLE,0,82.7,82.7,2026-09-05 22:16:17
tesela.ai,UNAVAILABLE,0,82.7,82.7,2026-09-05 22:14:31
tessere.ai,UNAVAILABLE,0,82.7,82.7,2026-09-05 22:14:25
textum.ai,UNAVAILABLE,0,82.7,82.7,2026-09-05 22:15:50
theoria.ai,UNAVAILABLE,0,82.7,82.7,2026-09-05 22:14:19
thole.ai,UNAVAILABLE,0,82.7,82.7,2026-09-05 22:16:15
tholing.ai,AVAILABLE,0,82.7,82.7,2026-09-05 22:16:15
thymos.ai,UNAVAILABLE,0,82.7,82.7,2026-09-05 22:14:19
thyrse.ai,AVAILABLE,0,82.7,82.7,2026-09-05 22:16:17
thyrsus.ai,UNAVAILABLE,0,82.7,82.7,2026-09-05 22:16:17
tiller.ai,UNAVAILABLE,0,82.7,82.7,2026-09-05 22:16:15
tillered.ai,AVAILABLE,0,82.7,82.7,2026-09-05 22:16:15
tonos.ai,UNAVAILABLE,0,82.7,82.7,2026-09-05 22:14:19
traccia.ai,UNAVAILABLE,0,82.7,82.7,2026-09-05 22:14:25
tracer.ai,UNAVAILABLE,0,82.7,82.7,2026-09-05 22:14:25
tracery.ai,UNAVAILABLE,0,82.7,82.7,2026-09-05 22:14:31
trama.ai,UNAVAILABLE,0,82.7,82.7,2026-09-05 22:14:19
trame.ai,UNAVAILABLE,0,82.7,82.7,2026-09-05 22:14:25
tramer.ai,AVAILABLE,0,82.7,82.7,2026-09-05 22:14:25
trameur.ai,AVAILABLE,0,82.7,82.7,2026-09-05 22:14:31
transom.ai,UNAVAILABLE,0,82.7,82.7,2026-09-05 22:16:02
trasluz.ai,UNAVAILABLE,0,82.7,82.7,2026-09-05 22:14:11
traspare.ai,AVAILABLE,0,82.7,82.7,2026-09-05 22:14:19
trazo.ai,UNAVAILABLE,0,82.7,82.7,2026-09-05 22:14:31
tremolo.ai,UNAVAILABLE,0,82.7,82.7,2026-09-05 22:15:56
tropos.ai,UNAVAILABLE,0,82.7,82.7,2026-09-05 22:14:19
tsubomi.ai,AVAILABLE,0,82.7,82.7,2026-09-05 22:15:24
tsumugi.ai,UNAVAILABLE,0,82.7,82.7,2026-09-05 22:15:24
tsuzuri.ai,AVAILABLE,0,82.7,82.7,2026-09-05 22:15:24
tuck.ai,UNAVAILABLE,0,82.7,82.7,2026-09-05 22:16:17
tuft.ai,UNAVAILABLE,0,82.7,82.7,2026-09-05 22:16:17
tufted.ai,UNAVAILABLE,0,82.7,82.7,2026-09-05 22:16:17
tuike.ai,UNAVAILABLE,0,82.7,82.7,2026-09-05 22:15:30
tuiki.ai,AVAILABLE,0,82.7,82.7,2026-09-05 22:15:30
tyda.ai,UNAVAILABLE,0,82.7,82.7,2026-09-05 22:15:37
tydelig.ai,AVAILABLE,0,82.7,82.7,2026-09-05 22:15:37
tyding.ai,AVAILABLE,0,82.7,82.7,2026-09-05 22:15:37
udito.ai,AVAILABLE,0,82.7,82.7,2026-09-05 22:14:19
umbel.ai,UNAVAILABLE,0,82.7,82.7,2026-09-05 22:15:50
umbra.ai,UNAVAILABLE,0,82.7,82.7,2026-09-05 22:15:50
umbral.ai,UNAVAILABLE,0,82.7,82.7,2026-09-05 22:14:31
uncoil.ai,UNAVAILABLE,0,82.7,82.7,2026-09-05 22:16:02
unfurl.ai,UNAVAILABLE,0,82.7,82.7,2026-09-05 22:16:02
unlace.ai,AVAILABLE,0,82.7,82.7,2026-09-05 22:16:02
unmask.ai,UNAVAILABLE,0,82.7,82.7,2026-09-05 22:16:02
unmesh.ai,UNAVAILABLE,0,82.7,82.7,2026-09-05 22:16:02
unmute.ai,UNAVAILABLE,0,82.7,82.7,2026-09-05 22:16:02
unseam.ai,UNAVAILABLE,0,82.7,82.7,2026-09-05 22:16:02
unskein.ai,AVAILABLE,0,82.7,82.7,2026-09-05 22:16:02
unspool.ai,UNAVAILABLE,0,82.7,82.7,2026-09-05 22:15:56
untwine.ai,UNAVAILABLE,0,82.7,82.7,2026-09-05 22:16:02
unweave.ai,UNAVAILABLE,0,82.7,82.7,2026-09-05 22:15:56
unweft.ai,AVAILABLE,0,82.7,82.7,2026-09-05 22:16:02
usva.ai,AVAILABLE,0,82.7,82.7,2026-09-05 22:15:30
utsuro.ai,AVAILABLE,0,82.7,82.7,2026-09-05 22:14:37
utsuwa.ai,UNAVAILABLE,0,82.7,82.7,2026-09-05 22:14:37
vagen.ai,UNAVAILABLE,0,82.7,82.7,2026-09-05 22:15:37
vaisto.ai,UNAVAILABLE,0,82.7,82.7,2026-09-05 22:15:30
valaise.ai,AVAILABLE,0,82.7,82.7,2026-09-05 22:15:30
valkea.ai,AVAILABLE,0,82.7,82.7,2026-09-05 22:15:30
valo.ai,UNAVAILABLE,0,82.7,82.7,2026-09-05 22:15:30
varco.ai,UNAVAILABLE,0,82.7,82.7,2026-09-05 22:14:19
varde.ai,UNAVAILABLE,0,82.7,82.7,2026-09-05 22:15:37
variare.ai,AVAILABLE,0,82.7,82.7,2026-09-05 22:14:25
varse.ai,AVAILABLE,0,82.7,82.7,2026-09-05 22:15:37
varsel.ai,UNAVAILABLE,0,82.7,82.7,2026-09-05 22:15:37
vava.ai,UNAVAILABLE,0,82.7,82.7,2026-09-05 22:15:37
vedo.ai,UNAVAILABLE,0,82.7,82.7,2026-09-05 22:14:25
veduta.ai,UNAVAILABLE,0,82.7,82.7,2026-09-05 22:14:19
veering.ai,AVAILABLE,0,82.7,82.7,2026-09-05 22:16:15
veille.ai,UNAVAILABLE,0,82.7,82.7,2026-09-05 22:14:31
veilleur.ai,AVAILABLE,0,82.7,82.7,2026-09-05 22:14:31
velamen.ai,UNAVAILABLE,0,82.7,82.7,2026-09-05 22:15:50
velar.ai,UNAVAILABLE,0,82.7,82.7,2026-09-05 22:15:50
velina.ai,UNAVAILABLE,0,82.7,82.7,2026-09-05 22:14:25
veludo.ai,AVAILABLE,0,82.7,82.7,2026-09-05 22:14:37
velum.ai,UNAVAILABLE,0,82.7,82.7,2026-09-05 22:15:50
venula.ai,AVAILABLE,0,82.7,82.7,2026-09-05 22:15:56
venule.ai,AVAILABLE,0,82.7,82.7,2026-09-05 22:15:56
veva.ai,UNAVAILABLE,0,82.7,82.7,2026-09-05 22:15:37
vevna.ai,AVAILABLE,0,82.7,82.7,2026-09-05 22:15:37
vietti.ai,AVAILABLE,0,82.7,82.7,2026-09-05 22:15:30
vire.ai,UNAVAILABLE,0,82.7,82.7,2026-09-05 22:15:30
viri.ai,UNAVAILABLE,0,82.7,82.7,2026-09-05 22:15:30
visao.ai,UNAVAILABLE,0,82.7,82.7,2026-09-05 22:14:37
visto.ai,UNAVAILABLE,0,82.7,82.7,2026-09-05 22:14:37
voluta.ai,AVAILABLE,0,82.7,82.7,2026-09-05 22:16:15
volute.ai,UNAVAILABLE,0,82.7,82.7,2026-09-05 22:16:15
vyer.ai,UNAVAILABLE,0,82.7,82.7,2026-09-05 22:15:43
vyyhti.ai,AVAILABLE,0,82.7,82.7,2026-09-05 22:15:30
wispish.ai,AVAILABLE,0,82.7,82.7,2026-09-05 22:16:15
wissen.ai,UNAVAILABLE,0,82.7,82.7,2026-09-05 22:15:37
wistful.ai,UNAVAILABLE,0,82.7,82.7,2026-09-05 22:16:15
wistly.ai,UNAVAILABLE,0,82.7,82.7,2026-09-05 22:16:15
witan.ai,UNAVAILABLE,0,82.7,82.7,2026-09-05 22:16:15
witling.ai,AVAILABLE,0,82.7,82.7,2026-09-05 22:16:15
witting.ai,UNAVAILABLE,0,82.7,82.7,2026-09-05 22:16:15
yawing.ai,AVAILABLE,0,82.7,82.7,2026-09-05 22:16:15
yohaku.ai,UNAVAILABLE,0,82.7,82.7,2026-09-05 22:15:24
yosuga.ai,AVAILABLE,0,82.7,82.7,2026-09-05 22:15:24
yukari.ai,AVAILABLE,0,82.7,82.7,2026-09-05 22:15:24
yukue.ai,AVAILABLE,0,82.7,82.7,2026-09-05 22:14:37
yurai.ai,UNAVAILABLE,0,82.7,82.7,2026-09-05 22:15:24
