rank,name,domain,url,theme,rationale,backronym_sketch,status,first_year_usd,renewal_usd,premium,checked_at
1,psyche,psyche.tools,https://psyche.tools,cognitive science,Directly signals mind and psychology; warm rather than clinical.,Probing Subspaces to Yield Cognitive Hidden-state Explanations,available standard live registrar,9.78,29.35,no,2026-08-27
2,affect,affect.tools,https://affect.tools,feeling/psychology,Canonical emotion term and a verb meaning to change: a strong double meaning.,Activation Feature Fitting for Explainable Concept Tuning,available standard live registrar,9.78,29.35,no,2026-08-27
3,slant,slant.tools,https://slant.tools,steering/control,"A directional bias or interpretive angle; short, tactile, and steerable.",Subspace Lenses for Activation Navigation and Tuning,available standard live registrar,9.78,29.35,no,2026-08-27
4,drowsy,drowsy.tools,https://drowsy.tools,sleep/dream,"The closest new sibling to Drowse: liminal, stateful, and memorable.","Directional Readout and Observation for Workspace Steering, Yield-aware",available standard live registrar,9.78,29.35,no,2026-08-27
5,pensive,pensive.tools,https://pensive.tools,sleep/dream,"Thoughtful, introspective, and emotionally colored.",Probing Embeddings and Neural Subspaces for Interpretable Vector Editing,available standard live registrar,9.78,29.35,no,2026-08-27
6,appraisal,appraisal.tools,https://appraisal.tools,cognitive science,A core emotion-theory term for how a system evaluates a situation.,"Activation Probing and Projection for Representation Analysis, Interpretation, Steering, Alignment, and Layers",available standard live registrar,9.78,29.35,no,2026-08-27
7,affordance,affordance.tools,https://affordance.tools,cognitive science,A canonical cognitive-science term for possible actions and control.,"Activation Feature Fitting for Output Representation, Direction, Analysis, Navigation, Control, and Editing",available standard live registrar,9.78,29.35,no,2026-08-27
8,arousal,arousal.tools,https://arousal.tools,feeling/psychology,A core affect dimension and a measurable activation state.,"Activation Readout for Output Understanding, Steering, and Layers",available standard live registrar,9.78,29.35,no,2026-08-27
9,inward,inward.tools,https://inward.tools,steering/control,Suggests opening a model and looking within.,Interpreting Neural Workspaces for Activation Readout and Direction,available standard live registrar,9.78,29.35,no,2026-08-27
10,heed,heed.tools,https://heed.tools,steering/control,Attention and behavioral steering compressed into one compact verb.,Hidden-state Evaluation for Editing and Direction,available standard live registrar,9.78,29.35,no,2026-08-27
11,sentiment,sentiment.tools,https://sentiment.tools,feeling/psychology,"Immediately legible as affect, evaluation, and model measurement.",Subspace Editing of Neural Traits through Interpretable Manifold Evaluation and Neural Tracking,available standard live registrar,9.78,29.35,no,2026-08-27
12,dreamy,dreamy.tools,https://dreamy.tools,sleep/dream,"Soft, stateful, and close to the tone that made Drowse work.","Directional Representation Editing and Manifold Analysis, Yield-aware",available standard live registrar,9.78,29.35,no,2026-08-27
13,attitude,attitude.tools,https://attitude.tools,feeling/psychology,Both a mental stance and an orientation in space.,"Activation Traits Traced through Interpretable Tuning, Understanding, Direction, and Editing",available standard live registrar,9.78,29.35,no,2026-08-27
14,binding,binding.tools,https://binding.tools,cognitive science,A cognitive-science problem and a literal operation on representations.,Basis Interpretation for Neural Direction Injection and Navigation Geometry,available standard live registrar,9.78,29.35,no,2026-08-27
15,anchoring,anchoring.tools,https://anchoring.tools,cognitive science,A cognitive bias and a geometric control metaphor.,Activation Navigation and Concept Hidden-state Observation for Representation Injection and Neural Guidance,available standard live registrar,9.78,29.35,no,2026-08-27
16,polarity,polarity.tools,https://polarity.tools,steering/control,"Fits bipolar concepts, activation axes, and emotional valence.","Probing Output Layers for Activation Representation Interpretation, Tuning, and Yield",available standard live registrar,9.78,29.35,no,2026-08-27
17,mellow,mellow.tools,https://mellow.tools,sleep/dream,Friendly affective tone with an implicit modulation metaphor.,Manifold Editing with Layerwise Lenses for Output Watching,available standard live registrar,9.78,29.35,no,2026-08-27
18,slumber,slumber.tools,https://slumber.tools,sleep/dream,"Drowse-adjacent, substantial, and easy to remember.","Subspace Lenses for Understanding Model Behavior, Editing, and Readout",available standard live registrar,9.78,29.35,no,2026-08-27
19,emergence,emergence.tools,https://emergence.tools,cognitive science,Names the phenomenon interpretability tries to make legible.,"Editing Model Embeddings for Representation Geometry, Evaluation, Neural Control, and Explainability",available standard live registrar,9.78,29.35,no,2026-08-27
20,enaction,enaction.tools,https://enaction.tools,cognitive science,A real cognitive-science term connecting cognition and action.,"Editing Neural Activations for Concept Tuning, Interpretation, Output Navigation",available standard live registrar,9.78,29.35,no,2026-08-27
21,feeling,feeling.tools,https://feeling.tools,feeling/psychology,"A familiar human term for affect, stance, or inner state.",Features Editing Embeddings Layerwise Interpretation Neural Geometry,available standard live registrar,9.78,29.35,no,2026-08-27
22,spirit,spirit.tools,https://spirit.tools,feeling/psychology,"A familiar human term for affect, stance, or inner state.",Steering Probing Interpretation Readout Injection Traits,available standard live registrar,9.78,29.35,no,2026-08-27
23,meaning,meaning.tools,https://meaning.tools,cognitive science,A recognized cognitive-science or psychology term with a direct product connection.,Manifolds Editing Activation Neural Interpretation Navigation Geometry,available standard live registrar,9.78,29.35,no,2026-08-27
24,conscience,conscience.tools,https://conscience.tools,feeling/psychology,"A familiar human term for affect, stance, or inner state.",Concepts Observation Neural Steering Cognition Interpretation Editing Navigation Control Embeddings,available standard live registrar,9.78,29.35,no,2026-08-27
25,silence,silence.tools,https://silence.tools,sleep/dream,Drowse-adjacent language for liminal cognition and model state.,Steering Interpretation Layerwise Editing Neural Concepts Embeddings,available standard live registrar,9.78,29.35,no,2026-08-27
26,awaken,awaken.tools,https://awaken.tools,sleep/dream,Drowse-adjacent language for liminal cognition and model state.,Activation Workspace Analysis Kernels Editing Neural,available standard live registrar,9.78,29.35,no,2026-08-27
27,rouse,rouse.tools,https://rouse.tools,sleep/dream,Drowse-adjacent language for liminal cognition and model state.,Readout Observation Unified Steering Editing,available standard live registrar,9.78,29.35,no,2026-08-27
28,rudder,rudder.tools,https://rudder.tools,steering/control,A natural metaphor for directional control and activation shaping.,Readout Unified Direction Detection Editing Representation,available standard live registrar,9.78,29.35,no,2026-08-27
29,incline,incline.tools,https://incline.tools,steering/control,A natural metaphor for directional control and activation shaping.,Interpretation Neural Concepts Layerwise Injection Navigation Editing,available standard live registrar,9.78,29.35,no,2026-08-27
30,heading,heading.tools,https://heading.tools,steering/control,A natural metaphor for directional control and activation shaping.,Hidden-states Editing Activation Direction Interpretation Neural Geometry,available standard live registrar,9.78,29.35,no,2026-08-27
31,approach,approach.tools,https://approach.tools,steering/control,A natural metaphor for directional control and activation shaping.,Activation Probing Projection Readout Observation Analysis Concepts Hidden-states,available standard live registrar,9.78,29.35,no,2026-08-27
32,direction,direction.tools,https://direction.tools,steering/control,A natural metaphor for directional control and activation shaping.,Direction Interpretation Readout Editing Concepts Traits Injection Observation Neural,available standard live registrar,9.78,29.35,no,2026-08-27
33,calibrate,calibrate.tools,https://calibrate.tools,steering/control,A natural metaphor for directional control and activation shaping.,Concepts Activation Layerwise Interpretation Behavior Readout Analysis Traits Editing,available standard live registrar,9.78,29.35,no,2026-08-27
34,regulate,regulate.tools,https://regulate.tools,steering/control,A natural metaphor for directional control and activation shaping.,Readout Editing Geometry Unified Layerwise Activation Traits Embeddings,available standard live registrar,9.78,29.35,no,2026-08-27
35,modulate,modulate.tools,https://modulate.tools,steering/control,A natural metaphor for directional control and activation shaping.,Manifolds Observation Direction Unified Layerwise Activation Traits Editing,available standard live registrar,9.78,29.35,no,2026-08-27
36,smooth,smooth.tools,https://smooth.tools,steering/control,A natural metaphor for directional control and activation shaping.,Steering Manifolds Observation Output Traits Hidden-states,available standard live registrar,9.78,29.35,no,2026-08-27
37,poised,poised.tools,https://poised.tools,steering/control,A natural metaphor for directional control and activation shaping.,Probing Observation Interpretation Steering Editing Direction,available standard live registrar,9.78,29.35,no,2026-08-27
38,centered,centered.tools,https://centered.tools,steering/control,A natural metaphor for directional control and activation shaping.,Concepts Editing Neural Traits Embeddings Readout Evaluation Direction,available standard live registrar,9.78,29.35,no,2026-08-27
39,balanced,balanced.tools,https://balanced.tools,steering/control,A natural metaphor for directional control and activation shaping.,Behavior Activation Layerwise Analysis Neural Concepts Editing Direction,available standard live registrar,9.78,29.35,no,2026-08-27
40,shaped,shaped.tools,https://shaped.tools,steering/control,A natural metaphor for directional control and activation shaping.,Steering Hidden-states Activation Probing Editing Direction,available standard live registrar,9.78,29.35,no,2026-08-27
41,angled,angled.tools,https://angled.tools,steering/control,A natural metaphor for directional control and activation shaping.,Activation Neural Geometry Layerwise Editing Direction,available standard live registrar,9.78,29.35,no,2026-08-27
42,slanted,slanted.tools,https://slanted.tools,steering/control,A natural metaphor for directional control and activation shaping.,Steering Layerwise Activation Neural Traits Editing Direction,available standard live registrar,9.78,29.35,no,2026-08-27
43,drawn,drawn.tools,https://drawn.tools,steering/control,A natural metaphor for directional control and activation shaping.,Direction Readout Activation Workspace Neural,available standard live registrar,9.78,29.35,no,2026-08-27
44,belief,belief.tools,https://belief.tools,feeling/psychology,"A familiar human term for affect, stance, or inner state.",Behavior Editing Layerwise Interpretation Embeddings Features,available standard live registrar,9.78,29.35,no,2026-08-27
45,fear,fear.tools,https://fear.tools,feeling/psychology,"A familiar human term for affect, stance, or inner state.",Features Editing Activation Readout,available standard live registrar,9.78,29.35,no,2026-08-27
46,doubt,doubt.tools,https://doubt.tools,feeling/psychology,"A familiar human term for affect, stance, or inner state.",Direction Observation Unified Behavior Traits,available standard live registrar,9.78,29.35,no,2026-08-27
47,anger,anger.tools,https://anger.tools,feeling/psychology,"A familiar human term for affect, stance, or inner state.",Activation Neural Geometry Editing Readout,available standard live registrar,9.78,29.35,no,2026-08-27
48,excitement,excitement.tools,https://excitement.tools,feeling/psychology,"A familiar human term for affect, stance, or inner state.",Editing eXplainability Concepts Interpretation Traits Embeddings Manifolds Evaluation Neural Tokens,available standard live registrar,9.78,29.35,no,2026-08-27
49,affection,affection.tools,https://affection.tools,feeling/psychology,"A familiar human term for affect, stance, or inner state.",Activation Features Fitting Editing Concepts Traits Interpretation Observation Neural,available standard live registrar,9.78,29.35,no,2026-08-27
50,gentle,gentle.tools,https://gentle.tools,feeling/psychology,"A familiar human term for affect, stance, or inner state.",Geometry Editing Neural Traits Layerwise Embeddings,available standard live registrar,9.78,29.35,no,2026-08-27
51,anxious,anxious.tools,https://anxious.tools,feeling/psychology,"A familiar human term for affect, stance, or inner state.",Activation Neural eXplainability Interpretation Observation Unified Steering,available standard live registrar,9.78,29.35,no,2026-08-27
52,illusion,illusion.tools,https://illusion.tools,cognitive science,A recognized cognitive-science or psychology term with a direct product connection.,Interpretation Layerwise Latents Unified Steering Injection Observation Neural,available standard live registrar,9.78,29.35,no,2026-08-27
53,confidence,confidence.tools,https://confidence.tools,feeling/psychology,"A familiar human term for affect, stance, or inner state.",Concepts Observation Neural Features Interpretation Direction Editing Navigation Cognition Embeddings,available standard live registrar,9.78,29.35,no,2026-08-27
54,eager,eager.tools,https://eager.tools,feeling/psychology,"A familiar human term for affect, stance, or inner state.",Editing Activation Geometry Embeddings Readout,available standard live registrar,9.78,29.35,no,2026-08-27
55,aspect,aspect.tools,https://aspect.tools,cognitive science,A recognized cognitive-science or psychology term with a direct product connection.,Activation Steering Probing Editing Concepts Traits,available standard live registrar,9.78,29.35,no,2026-08-27
56,discernment,discernment.tools,https://discernment.tools,cognitive science,A recognized cognitive-science or psychology term with a direct product connection.,Direction Interpretation Steering Concepts Editing Readout Neural Manifolds Embeddings Navigation Traits,available standard live registrar,9.78,29.35,no,2026-08-27
57,examine,examine.tools,https://examine.tools,cognitive science,A recognized cognitive-science or psychology term with a direct product connection.,Editing eXplainability Activation Manifolds Interpretation Neural Embeddings,available standard live registrar,9.78,29.35,no,2026-08-27
58,determine,determine.tools,https://determine.tools,cognitive science,A recognized cognitive-science or psychology term with a direct product connection.,Direction Editing Traits Embeddings Readout Manifolds Interpretation Neural Evaluation,available standard live registrar,9.78,29.35,no,2026-08-27
59,consider,consider.tools,https://consider.tools,cognitive science,A recognized cognitive-science or psychology term with a direct product connection.,Concepts Observation Neural Steering Interpretation Direction Editing Readout,available standard live registrar,9.78,29.35,no,2026-08-27
60,expression,expression.tools,https://expression.tools,cognitive science,A recognized cognitive-science or psychology term with a direct product connection.,Editing eXplainability Probing Readout Embeddings Steering Subspaces Interpretation Observation Neural,available standard live registrar,9.78,29.35,no,2026-08-27
61,effort,effort.tools,https://effort.tools,steering/control,A natural metaphor for directional control and activation shaping.,Editing Features Fitting Observation Readout Traits,available standard live registrar,9.78,29.35,no,2026-08-27
62,ethos,ethos.tools,https://ethos.tools,cognitive science,A recognized cognitive-science or psychology term with a direct product connection.,Editing Traits Hidden-states Observation Steering,available standard live registrar,9.78,29.35,no,2026-08-27
63,cluster,cluster.tools,https://cluster.tools,mechanistic interpretability,"Maps naturally to representations, probes, geometry, or model readout.",Concepts Layerwise Unified Steering Traits Editing Readout,available standard live registrar,9.78,29.35,no,2026-08-27
64,density,density.tools,https://density.tools,mechanistic interpretability,"Maps naturally to representations, probes, geometry, or model readout.",Direction Editing Neural Steering Interpretation Traits Yield-aware,available standard live registrar,9.78,29.35,no,2026-08-27
65,fraction,fraction.tools,https://fraction.tools,mechanistic interpretability,"Maps naturally to representations, probes, geometry, or model readout.",Features Readout Activation Concepts Traits Interpretation Observation Neural,available standard live registrar,9.78,29.35,no,2026-08-27
66,dimension,dimension.tools,https://dimension.tools,mechanistic interpretability,"Maps naturally to representations, probes, geometry, or model readout.",Direction Interpretation Manifolds Editing Neural Steering Injection Observation Navigation,available standard live registrar,9.78,29.35,no,2026-08-27
67,fall,fall.tools,https://fall.tools,mechanistic interpretability,"Maps naturally to representations, probes, geometry, or model readout.",Features Activation Layerwise Latents,available standard live registrar,9.78,29.35,no,2026-08-27
68,carry,carry.tools,https://carry.tools,mechanistic interpretability,"Maps naturally to representations, probes, geometry, or model readout.",Concepts Activation Readout Representation Yield-aware,available standard live registrar,9.78,29.35,no,2026-08-27
69,lift,lift.tools,https://lift.tools,mechanistic interpretability,"Maps naturally to representations, probes, geometry, or model readout.",Layerwise Interpretation Features Traits,available standard live registrar,9.78,29.35,no,2026-08-27
70,alive,alive.tools,https://alive.tools,mechanistic interpretability,"Maps naturally to representations, probes, geometry, or model readout.",Activation Layerwise Interpretation Vectors Editing,available standard live registrar,9.78,29.35,no,2026-08-27
71,bent,bent.tools,https://bent.tools,steering/control,A natural metaphor for directional control and activation shaping.,Behavior Editing Neural Traits,available standard live registrar,9.78,29.35,no,2026-08-27
72,pole,pole.tools,https://pole.tools,steering/control,A natural metaphor for directional control and activation shaping.,Probing Observation Layerwise Editing,available standard live registrar,9.78,29.35,no,2026-08-27
73,alone,alone.tools,https://alone.tools,mechanistic interpretability,"Maps naturally to representations, probes, geometry, or model readout.",Activation Layerwise Observation Neural Editing,available standard live registrar,9.78,29.35,no,2026-08-27
74,darkness,darkness.tools,https://darkness.tools,sleep/dream,Drowse-adjacent language for liminal cognition and model state.,Direction Activation Readout Kernels Neural Editing Steering Subspaces,available standard live registrar,9.78,29.35,no,2026-08-27
75,asleep,asleep.tools,https://asleep.tools,sleep/dream,Drowse-adjacent language for liminal cognition and model state.,Activation Steering Layerwise Editing Embeddings Probing,available standard live registrar,9.78,29.35,no,2026-08-27
76,creep,creep.tools,https://creep.tools,mechanistic interpretability,"Maps naturally to representations, probes, geometry, or model readout.",Concepts Readout Editing Embeddings Probing,available standard live registrar,9.78,29.35,no,2026-08-27
77,forget,forget.tools,https://forget.tools,mechanistic interpretability,"Maps naturally to representations, probes, geometry, or model readout.",Features Observation Readout Geometry Editing Traits,available standard live registrar,9.78,29.35,no,2026-08-27
78,chunking,chunking.tools,https://chunking.tools,cognitive science,A recognized cognitive-science or psychology term with a direct product connection.,Concepts Hidden-states Unified Neural Kernels Interpretation Navigation Geometry,available standard live registrar,9.78,29.35,no,2026-08-27
79,conditioning,conditioning.tools,https://conditioning.tools,cognitive science,A recognized cognitive-science or psychology term with a direct product connection.,Concepts Observation Neural Direction Interpretation Traits Injection Output Navigation Inference Nodes Geometry,available standard live registrar,9.78,29.35,no,2026-08-27
80,auditory,auditory.tools,https://auditory.tools,cognitive science,A recognized cognitive-science or psychology term with a direct product connection.,Activation Unified Direction Interpretation Traits Observation Readout Yield-aware,available standard live registrar,9.78,29.35,no,2026-08-27
81,computational,computational.tools,https://computational.tools,cognitive science,A recognized cognitive-science or psychology term with a direct product connection.,Concepts Observation Manifolds Probing Unified Traits Activation Tokens Interpretation Output Neural Analysis Layerwise,available standard live registrar,9.78,29.35,no,2026-08-27
82,connectionist,connectionist.tools,https://connectionist.tools,cognitive science,A recognized cognitive-science or psychology term with a direct product connection.,Concepts Observation Neural Navigation Editing Cognition Traits Interpretation Output Nodes Injection Steering Tokens,available standard live registrar,9.78,29.35,no,2026-08-27
83,bayesian,bayesian.tools,https://bayesian.tools,cognitive science,A recognized cognitive-science or psychology term with a direct product connection.,Behavior Activation Yield-aware Editing Steering Interpretation Analysis Neural,available standard live registrar,9.78,29.35,no,2026-08-27
84,avoidance,avoidance.tools,https://avoidance.tools,feeling/psychology,"A familiar human term for affect, stance, or inner state.",Activation Vectors Observation Interpretation Direction Analysis Neural Concepts Editing,available standard live registrar,9.78,29.35,no,2026-08-27
85,absorption,absorption.tools,https://absorption.tools,feeling/psychology,"A familiar human term for affect, stance, or inner state.",Activation Behavior Steering Observation Readout Probing Traits Interpretation Output Neural,available standard live registrar,9.78,29.35,no,2026-08-27
86,boredom,boredom.tools,https://boredom.tools,feeling/psychology,"A familiar human term for affect, stance, or inner state.",Behavior Observation Readout Editing Direction Output Manifolds,available standard live registrar,9.78,29.35,no,2026-08-27
87,choices,choices.tools,https://choices.tools,cognitive science,A recognized cognitive-science or psychology term with a direct product connection.,Concepts Hidden-states Observation Interpretation Cognition Editing Steering,available standard live registrar,9.78,29.35,no,2026-08-27
88,associative,associative.tools,https://associative.tools,cognitive science,A recognized cognitive-science or psychology term with a direct product connection.,Activation Steering Subspaces Observation Concepts Interpretation Analysis Traits Injection Vectors Editing,available standard live registrar,9.78,29.35,no,2026-08-27
89,attentional,attentional.tools,https://attentional.tools,cognitive science,A recognized cognitive-science or psychology term with a direct product connection.,Activation Traits Tokens Editing Neural Tuning Interpretation Observation Navigation Analysis Layerwise,available standard live registrar,9.78,29.35,no,2026-08-27
90,affective,affective.tools,https://affective.tools,cognitive science,A recognized cognitive-science or psychology term with a direct product connection.,Activation Features Fitting Editing Concepts Traits Interpretation Vectors Embeddings,available standard live registrar,9.78,29.35,no,2026-08-27
91,confabulation,confabulation.tools,https://confabulation.tools,cognitive science,A recognized cognitive-science or psychology term with a direct product connection.,Concepts Observation Neural Features Activation Behavior Unified Layerwise Analysis Traits Interpretation Output Navigation,available standard live registrar,9.78,29.35,no,2026-08-27
92,categorization,categorization.tools,https://categorization.tools,cognitive science,A recognized cognitive-science or psychology term with a direct product connection.,Concepts Activation Traits Editing Geometry Observation Readout Interpretation Zero-shot Analysis Tokens Injection Output Neural,available standard live registrar,9.78,29.35,no,2026-08-27
93,adaptation,adaptation.tools,https://adaptation.tools,cognitive science,A recognized cognitive-science or psychology term with a direct product connection.,Activation Direction Analysis Probing Traits Affect Tokens Interpretation Observation Neural,available standard live registrar,9.78,29.35,no,2026-08-27
94,aftereffect,aftereffect.tools,https://aftereffect.tools,cognitive science,A recognized cognitive-science or psychology term with a direct product connection.,Activation Features Traits Editing Readout Embeddings Fitting Frames Evaluation Concepts Tokens,available standard live registrar,9.78,29.35,no,2026-08-27
95,closure,closure.tools,https://closure.tools,cognitive science,A recognized cognitive-science or psychology term with a direct product connection.,Concepts Layerwise Observation Steering Unified Readout Editing,available standard live registrar,9.78,29.35,no,2026-08-27
96,calmness,calmness.tools,https://calmness.tools,feeling/psychology,"A familiar human term for affect, stance, or inner state.",Concepts Activation Layerwise Manifolds Neural Editing Steering Subspaces,available standard live registrar,9.78,29.35,no,2026-08-27
97,dread,dread.tools,https://dread.tools,feeling/psychology,"A familiar human term for affect, stance, or inner state.",Direction Readout Editing Activation Detection,available standard live registrar,9.78,29.35,no,2026-08-27
98,comfort,comfort.tools,https://comfort.tools,feeling/psychology,"A familiar human term for affect, stance, or inner state.",Concepts Observation Manifolds Features Output Readout Traits,available standard live registrar,9.78,29.35,no,2026-08-27
99,fascination,fascination.tools,https://fascination.tools,feeling/psychology,"A familiar human term for affect, stance, or inner state.",Features Activation Steering Concepts Interpretation Neural Analysis Traits Injection Observation Navigation,available standard live registrar,9.78,29.35,no,2026-08-27
100,attentive,attentive.tools,https://attentive.tools,cognitive science,A recognized cognitive-science or psychology term with a direct product connection.,Activation Traits Tokens Editing Neural Tuning Interpretation Vectors Embeddings,available standard live registrar,9.78,29.35,no,2026-08-27
101,behavioral,behavioral.tools,https://behavioral.tools,cognitive science,A recognized cognitive-science or psychology term with a direct product connection.,Behavior Editing Hidden-states Activation Vectors Interpretation Observation Readout Analysis Layerwise,available standard live registrar,9.78,29.35,no,2026-08-27
102,experiential,experiential.tools,https://experiential.tools,cognitive science,A recognized cognitive-science or psychology term with a direct product connection.,Editing eXplainability Probing Embeddings Readout Interpretation Evaluation Neural Traits Injection Activation Layerwise,available standard live registrar,9.78,29.35,no,2026-08-27
103,expressive,expressive.tools,https://expressive.tools,cognitive science,A recognized cognitive-science or psychology term with a direct product connection.,Editing eXplainability Probing Readout Embeddings Steering Subspaces Interpretation Vectors Evaluation,available standard live registrar,9.78,29.35,no,2026-08-27
104,directional,directional.tools,https://directional.tools,steering/control,A natural metaphor for directional control and activation shaping.,Direction Interpretation Readout Editing Concepts Traits Injection Observation Neural Activation Layerwise,available standard live registrar,9.78,29.35,no,2026-08-27
105,controllable,controllable.tools,https://controllable.tools,steering/control,A natural metaphor for directional control and activation shaping.,Concepts Observation Neural Traits Readout Output Layerwise Latents Activation Behavior Lenses Editing,available standard live registrar,9.78,29.35,no,2026-08-27
106,explainable,explainable.tools,https://explainable.tools,mechanistic interpretability,"Maps naturally to representations, probes, geometry, or model readout.",Editing eXplainability Probing Layerwise Activation Interpretation Neural Analysis Behavior Latents Embeddings,available standard live registrar,9.78,29.35,no,2026-08-27
107,coherent,coherent.tools,https://coherent.tools,mechanistic interpretability,"Maps naturally to representations, probes, geometry, or model readout.",Concepts Observation Hidden-states Editing Readout Embeddings Neural Traits,available standard live registrar,9.78,29.35,no,2026-08-27
108,calibrated,calibrated.tools,https://calibrated.tools,steering/control,A natural metaphor for directional control and activation shaping.,Concepts Activation Layerwise Interpretation Behavior Readout Analysis Traits Editing Direction,available standard live registrar,9.78,29.35,no,2026-08-27
109,dreaming,dreaming.tools,https://dreaming.tools,sleep/dream,Drowse-adjacent language for liminal cognition and model state.,Direction Readout Editing Activation Manifolds Interpretation Neural Geometry,available standard live registrar,9.78,29.35,no,2026-08-27
110,aligning,aligning.tools,https://aligning.tools,steering/control,A natural metaphor for directional control and activation shaping.,Activation Layerwise Interpretation Geometry Neural Injection Navigation Guidance,available standard live registrar,9.78,29.35,no,2026-08-27
111,attending,attending.tools,https://attending.tools,mechanistic interpretability,"Maps naturally to representations, probes, geometry, or model readout.",Activation Traits Tokens Editing Neural Direction Interpretation Navigation Geometry,available standard live registrar,9.78,29.35,no,2026-08-27
112,interoception,interoception.tools,https://interoception.tools,cognitive science,A recognized cognitive-science or psychology term with a direct product connection.,Interpretation Neural Traits Editing Readout Observation Concepts Embeddings Probing Tokens Injection Output Navigation,available standard live registrar,9.78,29.35,no,2026-08-27
113,inhibition,inhibition.tools,https://inhibition.tools,cognitive science,A recognized cognitive-science or psychology term with a direct product connection.,Interpretation Neural Hidden-states Injection Behavior Inference Traits Instruments Observation Navigation,available standard live registrar,9.78,29.35,no,2026-08-27
114,excitation,excitation.tools,https://excitation.tools,cognitive science,A recognized cognitive-science or psychology term with a direct product connection.,Editing eXplainability Concepts Interpretation Traits Activation Tokens Injection Observation Neural,available standard live registrar,9.78,29.35,no,2026-08-27
115,habituation,habituation.tools,https://habituation.tools,cognitive science,A recognized cognitive-science or psychology term with a direct product connection.,Hidden-states Activation Behavior Interpretation Traits Unified Analysis Tokens Injection Observation Neural,available standard live registrar,9.78,29.35,no,2026-08-27
116,interference,interference.tools,https://interference.tools,cognitive science,A recognized cognitive-science or psychology term with a direct product connection.,Interpretation Neural Traits Editing Readout Features Embeddings Representation Evaluation Navigation Concepts Explainability,available standard live registrar,9.78,29.35,no,2026-08-27
117,discrimination,discrimination.tools,https://discrimination.tools,cognitive science,A recognized cognitive-science or psychology term with a direct product connection.,Direction Interpretation Steering Concepts Readout Injection Manifolds Inference Neural Activation Traits Instruments Observation Navigation,available standard live registrar,9.78,29.35,no,2026-08-27
118,generalization,generalization.tools,https://generalization.tools,cognitive science,A recognized cognitive-science or psychology term with a direct product connection.,Geometry Editing Neural Embeddings Readout Activation Layerwise Interpretation Zero-shot Analysis Traits Injection Observation Navigation,available standard live registrar,9.78,29.35,no,2026-08-27
119,feedforward,feedforward.tools,https://feedforward.tools,cognitive science,A recognized cognitive-science or psychology term with a direct product connection.,Features Editing Embeddings Direction Fitting Observation Readout Workspace Activation Representation Detection,available standard live registrar,9.78,29.35,no,2026-08-27
120,computation,computation.tools,https://computation.tools,cognitive science,A recognized cognitive-science or psychology term with a direct product connection.,Concepts Observation Manifolds Probing Unified Traits Activation Tokens Interpretation Output Neural,available standard live registrar,9.78,29.35,no,2026-08-27
121,categorizing,categorizing.tools,https://categorizing.tools,cognitive science,A recognized cognitive-science or psychology term with a direct product connection.,Concepts Activation Traits Editing Geometry Observation Readout Interpretation Zero-shot Injection Neural Guidance,available standard live registrar,9.78,29.35,no,2026-08-27
122,expectation,expectation.tools,https://expectation.tools,cognitive science,A recognized cognitive-science or psychology term with a direct product connection.,Editing eXplainability Probing Embeddings Concepts Traits Activation Tokens Interpretation Observation Neural,available standard live registrar,9.78,29.35,no,2026-08-27
123,exploitation,exploitation.tools,https://exploitation.tools,steering/control,A natural metaphor for directional control and activation shaping.,Editing eXplainability Probing Layerwise Observation Interpretation Traits Activation Tokens Injection Output Neural,available standard live registrar,9.78,29.35,no,2026-08-27
124,metacognitive,metacognitive.tools,https://metacognitive.tools,cognitive science,A recognized cognitive-science or psychology term with a direct product connection.,Manifolds Editing Traits Activation Concepts Observation Geometry Neural Interpretation Tokens Injection Vectors Embeddings,available standard live registrar,9.78,29.35,no,2026-08-27
125,episodic,episodic.tools,https://episodic.tools,cognitive science,A recognized cognitive-science or psychology term with a direct product connection.,Editing Probing Interpretation Steering Observation Direction Injection Concepts,available standard live registrar,9.78,29.35,no,2026-08-27
126,explicit,explicit.tools,https://explicit.tools,cognitive science,A recognized cognitive-science or psychology term with a direct product connection.,Editing eXplainability Probing Layerwise Interpretation Concepts Injection Traits,available standard live registrar,9.78,29.35,no,2026-08-27
127,excitatory,excitatory.tools,https://excitatory.tools,cognitive science,A recognized cognitive-science or psychology term with a direct product connection.,Editing eXplainability Concepts Interpretation Traits Activation Tokens Observation Readout Yield-aware,available standard live registrar,9.78,29.35,no,2026-08-27
128,bottomup,bottomup.tools,https://bottomup.tools,cognitive science,A recognized cognitive-science or psychology term with a direct product connection.,Behavior Observation Traits Tokens Output Manifolds Unified Probing,available standard live registrar,9.78,29.35,no,2026-08-27
129,allostasis,allostasis.tools,https://allostasis.tools,cognitive science,A recognized cognitive-science or psychology term with a direct product connection.,Activation Layerwise Latents Observation Steering Traits Analysis Subspaces Interpretation Signals,available standard live registrar,9.78,29.35,no,2026-08-27
130,dominance,dominance.tools,https://dominance.tools,steering/control,A natural metaphor for directional control and activation shaping.,Direction Observation Manifolds Interpretation Neural Activation Navigation Concepts Editing,available standard live registrar,9.78,29.35,no,2026-08-27
131,ecological,ecological.tools,https://ecological.tools,cognitive science,A recognized cognitive-science or psychology term with a direct product connection.,Editing Concepts Observation Layerwise Output Geometry Interpretation Cognition Activation Latents,available standard live registrar,9.78,29.35,no,2026-08-27
132,constructivism,constructivism.tools,https://constructivism.tools,cognitive science,A recognized cognitive-science or psychology term with a direct product connection.,Concepts Observation Neural Steering Traits Readout Unified Cognition Tokens Interpretation Vectors Injection Subspaces Manifolds,available standard live registrar,9.78,29.35,no,2026-08-27
133,behaviorism,behaviorism.tools,https://behaviorism.tools,cognitive science,A recognized cognitive-science or psychology term with a direct product connection.,Behavior Editing Hidden-states Activation Vectors Interpretation Observation Readout Injection Steering Manifolds,available standard live registrar,9.78,29.35,no,2026-08-27
134,cognitivism,cognitivism.tools,https://cognitivism.tools,cognitive science,A recognized cognitive-science or psychology term with a direct product connection.,Concepts Observation Geometry Neural Interpretation Traits Injection Vectors Inference Steering Manifolds,available standard live registrar,9.78,29.35,no,2026-08-27
135,functionalism,functionalism.tools,https://functionalism.tools,cognitive science,A recognized cognitive-science or psychology term with a direct product connection.,Features Unified Neural Concepts Traits Interpretation Observation Navigation Activation Layerwise Injection Steering Manifolds,available standard live registrar,9.78,29.35,no,2026-08-27
136,awareness,awareness.design,https://awareness.design,cognitive science,A recognized cognitive-science or psychology term with a direct product connection.,Activation Workspace Analysis Readout Editing Neural Embeddings Steering Subspaces,available standard live registrar,10.81,46.86,no,2026-08-27
137,reason,reason.wiki,https://reason.wiki,cognitive science,A recognized cognitive-science or psychology term with a direct product connection.,Readout Editing Activation Steering Observation Neural,available standard live registrar,2.06,26.26,no,2026-08-27
138,mood,mood.science,https://mood.science,feeling/psychology,"A familiar human term for affect, stance, or inner state.",Manifolds Observation Output Direction,available standard live registrar,10.79,10.79,no,2026-08-27
139,attention,attention.software,https://attention.software,cognitive science,A recognized cognitive-science or psychology term with a direct product connection.,Activation Traits Tokens Editing Neural Tuning Interpretation Observation Navigation,available standard live registrar,15.96,33.47,no,2026-08-27
140,apprehension,apprehension.tools,https://apprehension.tools,feeling/psychology,"A familiar human term for affect, stance, or inner state.",Activation Probing Projection Readout Editing Hidden-states Embeddings Neural Steering Interpretation Observation Navigation,available standard live registrar,9.78,29.35,no,2026-08-27
141,association,association.tools,https://association.tools,cognitive science,A recognized cognitive-science or psychology term with a direct product connection.,Activation Steering Subspaces Observation Concepts Interpretation Analysis Traits Injection Output Neural,available standard live registrar,9.78,29.35,no,2026-08-27
142,cognizance,cognizance.tools,https://cognizance.tools,cognitive science,A recognized cognitive-science or psychology term with a direct product connection.,Concepts Observation Geometry Neural Interpretation Zero-shot Activation Navigation Cognition Editing,available standard live registrar,9.78,29.35,no,2026-08-27
143,argument,argument.tools,https://argument.tools,mechanistic interpretability,"Maps naturally to representations, probes, geometry, or model readout.",Activation Readout Geometry Unified Manifolds Editing Neural Traits,available standard live registrar,9.78,29.35,no,2026-08-27
144,appearance,appearance.tools,https://appearance.tools,mechanistic interpretability,"Maps naturally to representations, probes, geometry, or model readout.",Activation Probing Projection Editing Analysis Readout Affect Neural Concepts Embeddings,available standard live registrar,9.78,29.35,no,2026-08-27
145,chunk,chunk.tools,https://chunk.tools,cognitive science,A recognized cognitive-science or psychology term with a direct product connection.,Concepts Hidden-states Unified Neural Kernels,available standard live registrar,9.78,29.35,no,2026-08-27
146,assumption,assumption.tools,https://assumption.tools,cognitive science,A recognized cognitive-science or psychology term with a direct product connection.,Activation Steering Subspaces Unified Manifolds Probing Traits Interpretation Observation Neural,available standard live registrar,9.78,29.35,no,2026-08-27
147,believing,believing.tools,https://believing.tools,cognitive science,A recognized cognitive-science or psychology term with a direct product connection.,Behavior Editing Layerwise Interpretation Embeddings Vectors Injection Neural Geometry,available standard live registrar,9.78,29.35,no,2026-08-27
148,assertion,assertion.tools,https://assertion.tools,cognitive science,A recognized cognitive-science or psychology term with a direct product connection.,Activation Steering Subspaces Editing Readout Traits Interpretation Observation Neural,available standard live registrar,9.78,29.35,no,2026-08-27
149,accommodation,accommodation.tools,https://accommodation.tools,cognitive science,A recognized cognitive-science or psychology term with a direct product connection.,Activation Concepts Cognition Observation Manifolds Monitoring Output Direction Analysis Traits Interpretation Orthogonalization Neural,available standard live registrar,9.78,29.35,no,2026-08-27
150,acting,acting.tools,https://acting.tools,mechanistic interpretability,"Maps naturally to representations, probes, geometry, or model readout.",Activation Concepts Traits Interpretation Neural Geometry,available standard live registrar,9.78,29.35,no,2026-08-27
151,caring,caring.tools,https://caring.tools,feeling/psychology,"A familiar human term for affect, stance, or inner state.",Concepts Activation Readout Interpretation Neural Geometry,available standard live registrar,9.78,29.35,no,2026-08-27
152,acquaintance,acquaintance.tools,https://acquaintance.tools,cognitive science,A recognized cognitive-science or psychology term with a direct product connection.,Activation Concepts Quantitative Unified Analysis Interpretation Neural Traits Affect Navigation Cognition Editing,available standard live registrar,9.78,29.35,no,2026-08-27
153,imagining,imagining.tools,https://imagining.tools,cognitive science,A recognized cognitive-science or psychology term with a direct product connection.,Interpretation Manifolds Activation Geometry Injection Neural Inference Navigation Guidance,available standard live registrar,9.78,29.35,no,2026-08-27
154,portrayal,portrayal.tools,https://portrayal.tools,mechanistic interpretability,"Maps naturally to representations, probes, geometry, or model readout.",Probing Observation Readout Traits Representation Activation Yield-aware Analysis Layerwise,available standard live registrar,9.78,29.35,no,2026-08-27
155,aptitude,aptitude.tools,https://aptitude.tools,cognitive science,A recognized cognitive-science or psychology term with a direct product connection.,Activation Probing Traits Interpretation Tokens Unified Direction Editing,available standard live registrar,9.78,29.35,no,2026-08-27
156,fallacy,fallacy.tools,https://fallacy.tools,cognitive science,A recognized cognitive-science or psychology term with a direct product connection.,Features Activation Layerwise Latents Analysis Concepts Yield-aware,available standard live registrar,9.78,29.35,no,2026-08-27
157,argumentation,argumentation.tools,https://argumentation.tools,cognitive science,A recognized cognitive-science or psychology term with a direct product connection.,Activation Readout Geometry Unified Manifolds Editing Neural Traits Analysis Tokens Interpretation Observation Navigation,available standard live registrar,9.78,29.35,no,2026-08-27
158,extrapolation,extrapolation.tools,https://extrapolation.tools,cognitive science,A recognized cognitive-science or psychology term with a direct product connection.,Editing eXplainability Traits Readout Activation Probing Observation Layerwise Analysis Tokens Interpretation Output Neural,available standard live registrar,9.78,29.35,no,2026-08-27
159,envisage,envisage.tools,https://envisage.tools,cognitive science,A recognized cognitive-science or psychology term with a direct product connection.,Editing Neural Vectors Interpretation Steering Activation Geometry Embeddings,available standard live registrar,9.78,29.35,no,2026-08-27
160,alertness,alertness.tools,https://alertness.tools,cognitive science,A recognized cognitive-science or psychology term with a direct product connection.,Activation Layerwise Editing Readout Traits Neural Embeddings Steering Subspaces,available standard live registrar,9.78,29.35,no,2026-08-27
161,description,description.tools,https://description.tools,mechanistic interpretability,"Maps naturally to representations, probes, geometry, or model readout.",Direction Editing Steering Concepts Readout Interpretation Probing Traits Injection Observation Neural,available standard live registrar,9.78,29.35,no,2026-08-27
162,anima,anima.tools,https://anima.tools,cognitive science,A recognized cognitive-science or psychology term with a direct product connection.,Activation Neural Interpretation Manifolds Analysis,available standard live registrar,9.78,29.35,no,2026-08-27
163,hallucination,hallucination.tools,https://hallucination.tools,cognitive science,A recognized cognitive-science or psychology term with a direct product connection.,Hidden-states Activation Layerwise Latents Unified Concepts Interpretation Neural Analysis Traits Injection Observation Navigation,available standard live registrar,9.78,29.35,no,2026-08-27
164,inferring,inferring.tools,https://inferring.tools,cognitive science,A recognized cognitive-science or psychology term with a direct product connection.,Interpretation Neural Features Editing Readout Representation Injection Navigation Geometry,available standard live registrar,9.78,29.35,no,2026-08-27
165,animus,animus.tools,https://animus.tools,cognitive science,A recognized cognitive-science or psychology term with a direct product connection.,Activation Neural Interpretation Manifolds Unified Steering,available standard live registrar,9.78,29.35,no,2026-08-27
166,counsel,counsel.tools,https://counsel.tools,cognitive science,A recognized cognitive-science or psychology term with a direct product connection.,Concepts Observation Unified Neural Steering Editing Layerwise,available standard live registrar,9.78,29.35,no,2026-08-27
167,interpreting,interpreting.tools,https://interpreting.tools,cognitive science,A recognized cognitive-science or psychology term with a direct product connection.,Interpretation Neural Traits Editing Readout Probing Representation Embeddings Tokens Injection Navigation Geometry,available standard live registrar,9.78,29.35,no,2026-08-27
168,guiding,guiding.tools,https://guiding.tools,steering/control,A natural metaphor for directional control and activation shaping.,Geometry Unified Interpretation Direction Injection Neural Guidance,available standard live registrar,9.78,29.35,no,2026-08-27
169,ascertain,ascertain.tools,https://ascertain.tools,cognitive science,A recognized cognitive-science or psychology term with a direct product connection.,Activation Steering Concepts Editing Readout Traits Analysis Interpretation Neural,available standard live registrar,9.78,29.35,no,2026-08-27
170,emphasis,emphasis.tools,https://emphasis.tools,mechanistic interpretability,"Maps naturally to representations, probes, geometry, or model readout.",Editing Manifolds Probing Hidden-states Activation Steering Interpretation Subspaces,available standard live registrar,9.78,29.35,no,2026-08-27
171,composition,composition.tools,https://composition.tools,mechanistic interpretability,"Maps naturally to representations, probes, geometry, or model readout.",Concepts Observation Manifolds Probing Output Steering Interpretation Traits Injection Orthogonalization Neural,available standard live registrar,9.78,29.35,no,2026-08-27
172,careful,careful.tools,https://careful.tools,mechanistic interpretability,"Maps naturally to representations, probes, geometry, or model readout.",Concepts Activation Readout Editing Features Unified Layerwise,available standard live registrar,9.78,29.35,no,2026-08-27
173,representation,representation.tools,https://representation.tools,cognitive science,A recognized cognitive-science or psychology term with a direct product connection.,Readout Editing Probing Representation Embeddings Steering Evaluation Neural Traits Activation Tokens Interpretation Observation Navigation,available standard live registrar,9.78,29.35,no,2026-08-27
174,yearning,yearning.tools,https://yearning.tools,feeling/psychology,"A familiar human term for affect, stance, or inner state.",Yield-aware Editing Activation Readout Neural Interpretation Navigation Geometry,available standard live registrar,9.78,29.35,no,2026-08-27
175,sensory,sensory.tools,https://sensory.tools,cognitive science,A recognized cognitive-science or psychology term with a direct product connection.,Steering Editing Neural Subspaces Observation Readout Yield-aware,available standard live registrar,9.78,29.35,no,2026-08-27
176,reinforcement,reinforcement.tools,https://reinforcement.tools,cognitive science,A recognized cognitive-science or psychology term with a direct product connection.,Readout Editing Interpretation Neural Features Observation Representation Concepts Embeddings Manifolds Evaluation Navigation Traits,available standard live registrar,9.78,29.35,no,2026-08-27
177,retrieval,retrieval.tools,https://retrieval.tools,cognitive science,A recognized cognitive-science or psychology term with a direct product connection.,Readout Editing Traits Representation Interpretation Embeddings Vectors Activation Layerwise,available standard live registrar,9.78,29.35,no,2026-08-27
178,reflective,reflective.tools,https://reflective.tools,cognitive science,A recognized cognitive-science or psychology term with a direct product connection.,Readout Editing Features Layerwise Embeddings Concepts Traits Interpretation Vectors Evaluation,available standard live registrar,9.78,29.35,no,2026-08-27
179,brightness,brightness.tools,https://brightness.tools,feeling/psychology,"A familiar human term for affect, stance, or inner state.",Behavior Readout Interpretation Geometry Hidden-states Traits Neural Editing Steering Subspaces,available standard live registrar,9.78,29.35,no,2026-08-27
180,anguish,anguish.tools,https://anguish.tools,feeling/psychology,"A familiar human term for affect, stance, or inner state.",Activation Neural Geometry Unified Interpretation Steering Hidden-states,available standard live registrar,9.78,29.35,no,2026-08-27
181,agony,agony.tools,https://agony.tools,feeling/psychology,"A familiar human term for affect, stance, or inner state.",Activation Geometry Observation Neural Yield-aware,available standard live registrar,9.78,29.35,no,2026-08-27
182,astonishment,astonishment.tools,https://astonishment.tools,feeling/psychology,"A familiar human term for affect, stance, or inner state.",Activation Steering Traits Observation Neural Interpretation Subspaces Hidden-states Manifolds Editing Navigation Tokens,available standard live registrar,9.78,29.35,no,2026-08-27
183,arouse,arouse.tools,https://arouse.tools,mechanistic interpretability,"Maps naturally to representations, probes, geometry, or model readout.",Activation Readout Observation Unified Steering Editing,available standard live registrar,9.78,29.35,no,2026-08-27
184,aversion,aversion.tools,https://aversion.tools,feeling/psychology,"A familiar human term for affect, stance, or inner state.",Activation Vectors Editing Readout Steering Interpretation Observation Neural,available standard live registrar,9.78,29.35,no,2026-08-27
185,adrift,adrift.tools,https://adrift.tools,mechanistic interpretability,"Maps naturally to representations, probes, geometry, or model readout.",Activation Direction Readout Interpretation Features Traits,available standard live registrar,9.78,29.35,no,2026-08-27
186,angst,angst.tools,https://angst.tools,feeling/psychology,"A familiar human term for affect, stance, or inner state.",Activation Neural Geometry Steering Traits,available standard live registrar,9.78,29.35,no,2026-08-27
187,acquisition,acquisition.tools,https://acquisition.tools,cognitive science,A recognized cognitive-science or psychology term with a direct product connection.,Activation Concepts Quantitative Unified Interpretation Steering Injection Traits Inference Observation Neural,available standard live registrar,9.78,29.35,no,2026-08-27
188,ambition,ambition.tools,https://ambition.tools,feeling/psychology,"A familiar human term for affect, stance, or inner state.",Activation Manifolds Behavior Interpretation Traits Injection Observation Neural,available standard live registrar,9.78,29.35,no,2026-08-27
189,aspiration,aspiration.tools,https://aspiration.tools,feeling/psychology,"A familiar human term for affect, stance, or inner state.",Activation Steering Probing Interpretation Readout Analysis Traits Injection Observation Neural,available standard live registrar,9.78,29.35,no,2026-08-27
190,agreement,agreement.tools,https://agreement.tools,mechanistic interpretability,"Maps naturally to representations, probes, geometry, or model readout.",Activation Geometry Readout Editing Embeddings Manifolds Evaluation Neural Traits,available standard live registrar,9.78,29.35,no,2026-08-27
191,definition,definition.tools,https://definition.tools,cognitive science,A recognized cognitive-science or psychology term with a direct product connection.,Direction Editing Features Interpretation Neural Injection Traits Inference Observation Navigation,available standard live registrar,9.78,29.35,no,2026-08-27
192,adjustment,adjustment.tools,https://adjustment.tools,steering/control,A natural metaphor for directional control and activation shaping.,Activation Direction Jacobian Unified Steering Traits Manifolds Editing Neural Tokens,available standard live registrar,9.78,29.35,no,2026-08-27
193,sensitization,sensitization.tools,https://sensitization.tools,cognitive science,A recognized cognitive-science or psychology term with a direct product connection.,Steering Editing Neural Subspaces Interpretation Traits Injection Zero-shot Activation Tokens Inference Observation Navigation,available standard live registrar,9.78,29.35,no,2026-08-27
194,bound,bound.tools,https://bound.tools,steering/control,A natural metaphor for directional control and activation shaping.,Behavior Observation Unified Neural Direction,available standard live registrar,9.78,29.35,no,2026-08-27
195,considering,considering.tools,https://considering.tools,cognitive science,A recognized cognitive-science or psychology term with a direct product connection.,Concepts Observation Neural Steering Interpretation Direction Editing Readout Injection Navigation Geometry,available standard live registrar,9.78,29.35,no,2026-08-27
196,ownership,ownership.tools,https://ownership.tools,steering/control,A natural metaphor for directional control and activation shaping.,Observation Workspace Neural Editing Readout Steering Hidden-states Interpretation Probing,available standard live registrar,9.78,29.35,no,2026-08-27
197,daydream,daydream.tools,https://daydream.tools,sleep/dream,Drowse-adjacent language for liminal cognition and model state.,Direction Activation Yield-aware Detection Readout Editing Analysis Manifolds,available standard live registrar,9.78,29.35,no,2026-08-27
198,dreamlike,dreamlike.tools,https://dreamlike.tools,sleep/dream,Drowse-adjacent language for liminal cognition and model state.,Direction Readout Editing Activation Manifolds Layerwise Interpretation Kernels Embeddings,available standard live registrar,9.78,29.35,no,2026-08-27
199,assure,assure.tools,https://assure.tools,steering/control,A natural metaphor for directional control and activation shaping.,Activation Steering Subspaces Unified Readout Editing,available standard live registrar,9.78,29.35,no,2026-08-27
200,bashful,bashful.tools,https://bashful.tools,feeling/psychology,"A familiar human term for affect, stance, or inner state.",Behavior Activation Steering Hidden-states Features Unified Layerwise,available standard live registrar,9.78,29.35,no,2026-08-27
