domain,result,type,ts,premium,price,renewal
drowse.ai,AVAILABLE,registration,2026-09-05 15:05:12,0,8270,8270
unspool.ai,UNAVAILABLE,registration,2026-09-05 15:05:12,0,8270,8270
unfurl.ai,UNAVAILABLE,registration,2026-09-05 15:05:12,0,8270,8270
splay.ai,UNAVAILABLE,registration,2026-09-05 15:05:12,0,8270,8270
thrum.ai,UNAVAILABLE,registration,2026-09-05 15:05:12,0,8270,8270
twill.ai,UNAVAILABLE,registration,2026-09-05 15:05:12,0,8270,8270
weft.ai,UNAVAILABLE,registration,2026-09-05 15:05:12,0,8270,8270
purl.ai,UNAVAILABLE,registration,2026-09-05 15:05:12,0,8270,8270
skein.ai,UNAVAILABLE,registration,2026-09-05 15:05:12,0,8270,8270
nock.ai,UNAVAILABLE,registration,2026-09-05 15:05:12,0,8270,8270
yaw.ai,UNAVAILABLE,registration,2026-09-05 15:05:12,0,8270,8270
skirl.ai,UNAVAILABLE,registration,2026-09-05 15:05:12,0,8270,8270
furl.ai,UNAVAILABLE,registration,2026-09-05 15:05:12,0,8270,8270
glint.ai,UNAVAILABLE,registration,2026-09-05 15:05:12,0,8270,8270
gleam.ai,UNAVAILABLE,registration,2026-09-05 15:05:12,0,8270,8270
glimmer.ai,UNAVAILABLE,registration,2026-09-05 15:05:12,0,8270,8270
limen.ai,UNAVAILABLE,registration,2026-09-05 15:05:12,0,8270,8270
liminal.ai,UNAVAILABLE,registration,2026-09-05 15:05:12,0,8270,8270
noema.ai,UNAVAILABLE,registration,2026-09-05 15:05:12,0,8270,8270
noesis.ai,UNAVAILABLE,registration,2026-09-05 15:05:12,0,8270,8270
qualia.ai,UNAVAILABLE,registration,2026-09-05 15:05:12,0,8270,8270
engram.ai,UNAVAILABLE,registration,2026-09-05 15:05:12,0,8270,8270
eidetic.ai,UNAVAILABLE,registration,2026-09-05 15:05:12,0,8270,8270
reverie.ai,UNAVAILABLE,registration,2026-09-05 15:05:12,0,8270,8270
musing.ai,UNAVAILABLE,registration,2026-09-05 15:05:12,0,8270,8270
musingly.ai,UNAVAILABLE,registration,2026-09-05 15:05:12,0,8270,8270
inward.ai,UNAVAILABLE,registration,2026-09-05 15:05:12,0,8270,8270
slumber.ai,UNAVAILABLE,registration,2026-09-05 15:05:12,0,8270,8270
drowsy.ai,UNAVAILABLE,registration,2026-09-05 15:05:12,0,8270,8270
pensive.ai,UNAVAILABLE,registration,2026-09-05 15:08:49,0,8270,8270
daydream.ai,UNAVAILABLE,registration,2026-09-05 15:05:12,0,8270,8270
drift.ai,UNAVAILABLE,registration,2026-09-05 15:05:12,0,8270,8270
ripple.ai,UNAVAILABLE,registration,2026-09-05 15:05:12,0,8270,8270
rill.ai,UNAVAILABLE,registration,2026-09-05 15:05:12,0,8270,8270
runnel.ai,UNAVAILABLE,registration,2026-09-05 15:05:12,0,8270,8270
eddy.ai,UNAVAILABLE,registration,2026-09-05 15:05:12,0,8270,8270
freshet.ai,UNAVAILABLE,registration,2026-09-05 15:05:12,0,8270,8270
shoal.ai,UNAVAILABLE,registration,2026-09-05 15:05:12,0,8270,8270
tarn.ai,UNAVAILABLE,registration,2026-09-05 15:05:12,0,8270,8270
tor.ai,UNAVAILABLE,registration,2026-09-05 15:05:12,0,8270,8270
whorl.ai,UNAVAILABLE,registration,2026-09-05 15:05:12,0,8270,8270
volute.ai,UNAVAILABLE,registration,2026-09-05 15:05:12,0,8270,8270
gnomon.ai,UNAVAILABLE,registration,2026-09-05 15:05:12,0,8270,8270
alidade.ai,UNAVAILABLE,registration,2026-09-05 15:05:12,0,8270,8270
reticle.ai,UNAVAILABLE,registration,2026-09-05 15:05:12,0,8270,8270
lenslet.ai,AVAILABLE,registration,2026-09-05 15:05:12,0,8270,8270
prism.ai,UNAVAILABLE,registration,2026-09-05 15:05:12,0,8270,8270
caustic.ai,UNAVAILABLE,registration,2026-09-05 15:05:12,0,8270,8270
parallax.ai,UNAVAILABLE,registration,2026-09-05 15:05:12,0,8270,8270
moire.ai,UNAVAILABLE,registration,2026-09-05 15:05:12,0,8270,8270
umbra.ai,UNAVAILABLE,registration,2026-09-05 15:05:12,0,8270,8270
penumbra.ai,UNAVAILABLE,registration,2026-09-05 15:05:12,0,8270,8270
aureole.ai,UNAVAILABLE,registration,2026-09-05 15:05:12,0,8270,8270
lucent.ai,UNAVAILABLE,registration,2026-09-05 15:05:12,0,8270,8270
nacre.ai,UNAVAILABLE,registration,2026-09-05 15:05:12,0,8270,8270
opaline.ai,UNAVAILABLE,registration,2026-09-05 15:05:12,0,8270,8270
vireo.ai,UNAVAILABLE,registration,2026-09-05 15:05:12,0,8270,8270
pipit.ai,UNAVAILABLE,registration,2026-09-05 15:05:12,0,8270,8270
dunlin.ai,AVAILABLE,registration,2026-09-05 15:05:12,0,8270,8270
linnet.ai,UNAVAILABLE,registration,2026-09-05 15:05:12,0,8270,8270
dipper.ai,UNAVAILABLE,registration,2026-09-05 15:05:12,0,8270,8270
lapwing.ai,UNAVAILABLE,registration,2026-09-05 15:05:12,0,8270,8270
tern.ai,UNAVAILABLE,registration,2026-09-05 15:05:12,0,8270,8270
sable.ai,UNAVAILABLE,registration,2026-09-05 15:05:12,0,8270,8270
fennec.ai,UNAVAILABLE,registration,2026-09-05 15:05:12,0,8270,8270
stoat.ai,UNAVAILABLE,registration,2026-09-05 15:05:12,0,8270,8270
civet.ai,UNAVAILABLE,registration,2026-09-05 15:05:12,0,8270,8270
dormouse.ai,UNAVAILABLE,registration,2026-09-05 15:05:12,0,8270,8270
dunnock.ai,AVAILABLE,registration,2026-09-05 15:05:12,0,8270,8270
borage.ai,AVAILABLE,registration,2026-09-05 15:05:12,0,8270,8270
brayer.ai,AVAILABLE,registration,2026-09-05 15:05:12,0,8270,8270
dimity.ai,AVAILABLE,registration,2026-09-05 15:05:12,0,8270,8270
doline.ai,AVAILABLE,registration,2026-09-05 15:05:12,0,8270,8270
cannel.ai,AVAILABLE,registration,2026-09-05 15:05:12,0,8270,8270
mullion.ai,UNAVAILABLE,registration,2026-09-05 15:05:12,0,8270,8270
muntin.ai,AVAILABLE,registration,2026-09-05 15:05:12,0,8270,8270
lintel.ai,UNAVAILABLE,registration,2026-09-05 15:05:12,0,8270,8270
soffit.ai,UNAVAILABLE,registration,2026-09-05 15:05:12,0,8270,8270
bevel.ai,UNAVAILABLE,registration,2026-09-05 15:05:12,0,8270,8270
chamfer.ai,UNAVAILABLE,registration,2026-09-05 15:05:12,0,8270,8270
dado.ai,UNAVAILABLE,registration,2026-09-05 15:05:12,0,8270,8270
rabbet.ai,UNAVAILABLE,registration,2026-09-05 15:05:12,0,8270,8270
tenon.ai,UNAVAILABLE,registration,2026-09-05 15:05:12,0,8270,8270
dowel.ai,UNAVAILABLE,registration,2026-09-05 15:05:12,0,8270,8270
spindle.ai,UNAVAILABLE,registration,2026-09-05 15:05:12,0,8270,8270
bobbin.ai,UNAVAILABLE,registration,2026-09-05 15:05:12,0,8270,8270
shuttle.ai,UNAVAILABLE,registration,2026-09-05 15:05:12,0,8270,8270
heddle.ai,UNAVAILABLE,registration,2026-09-05 15:05:12,0,8270,8270
treadle.ai,UNAVAILABLE,registration,2026-09-05 15:05:12,0,8270,8270
lilt.ai,UNAVAILABLE,registration,2026-09-05 15:05:12,0,8270,8270
legato.ai,UNAVAILABLE,registration,2026-09-05 15:05:12,0,8270,8270
rubato.ai,UNAVAILABLE,registration,2026-09-05 15:05:12,0,8270,8270
timbre.ai,UNAVAILABLE,registration,2026-09-05 15:05:12,0,8270,8270
mordent.ai,AVAILABLE,registration,2026-09-05 15:05:12,0,8270,8270
hemiola.ai,AVAILABLE,registration,2026-09-05 15:05:12,0,8270,8270
unweave.ai,UNAVAILABLE,registration,2026-09-05 15:07:45,0,8270,8270
untwine.ai,UNAVAILABLE,registration,2026-09-05 15:07:45,0,8270,8270
untwist.ai,UNAVAILABLE,registration,2026-09-05 15:07:45,0,8270,8270
uncoil.ai,UNAVAILABLE,registration,2026-09-05 15:07:45,0,8270,8270
unlace.ai,AVAILABLE,registration,2026-09-05 15:07:45,0,8270,8270
untuck.ai,AVAILABLE,registration,2026-09-05 15:07:45,0,8270,8270
unpick.ai,UNAVAILABLE,registration,2026-09-05 15:07:45,0,8270,8270
unbind.ai,UNAVAILABLE,registration,2026-09-05 15:07:45,0,8270,8270
unwind.ai,UNAVAILABLE,registration,2026-09-05 15:07:45,0,8270,8270
unravel.ai,UNAVAILABLE,registration,2026-09-05 15:07:45,0,8270,8270
unroll.ai,UNAVAILABLE,registration,2026-09-05 15:07:45,0,8270,8270
unmask.ai,UNAVAILABLE,registration,2026-09-05 15:07:45,0,8270,8270
unshade.ai,AVAILABLE,registration,2026-09-05 15:07:45,0,8270,8270
uncloud.ai,UNAVAILABLE,registration,2026-09-05 15:07:45,0,8270,8270
undrape.ai,AVAILABLE,registration,2026-09-05 15:07:45,0,8270,8270
unveil.ai,UNAVAILABLE,registration,2026-09-05 15:07:45,0,8270,8270
untold.ai,UNAVAILABLE,registration,2026-09-05 15:07:45,0,8270,8270
untangle.ai,UNAVAILABLE,registration,2026-09-05 15:07:45,0,8270,8270
refold.ai,UNAVAILABLE,registration,2026-09-05 15:07:45,0,8270,8270
refit.ai,UNAVAILABLE,registration,2026-09-05 15:07:45,0,8270,8270
reframe.ai,UNAVAILABLE,registration,2026-09-05 15:07:45,0,8270,8270
retune.ai,UNAVAILABLE,registration,2026-09-05 15:07:45,0,8270,8270
attune.ai,UNAVAILABLE,registration,2026-09-05 15:07:45,0,8270,8270
inflect.ai,UNAVAILABLE,registration,2026-09-05 15:07:45,0,8270,8270
deflect.ai,UNAVAILABLE,registration,2026-09-05 15:07:45,0,8270,8270
refract.ai,UNAVAILABLE,registration,2026-09-05 15:07:45,0,8270,8270
diffract.ai,UNAVAILABLE,registration,2026-09-05 15:07:45,0,8270,8270
cleave.ai,UNAVAILABLE,registration,2026-09-05 15:07:45,0,8270,8270
swerve.ai,UNAVAILABLE,registration,2026-09-05 15:07:45,0,8270,8270
veer.ai,UNAVAILABLE,registration,2026-09-05 15:07:45,0,8270,8270
yawl.ai,UNAVAILABLE,registration,2026-09-05 15:07:45,0,8270,8270
tiller.ai,UNAVAILABLE,registration,2026-09-05 15:07:45,0,8270,8270
rudder.ai,UNAVAILABLE,registration,2026-09-05 15:07:45,0,8270,8270
capstan.ai,UNAVAILABLE,registration,2026-09-05 15:07:45,0,8270,8270
clew.ai,UNAVAILABLE,registration,2026-09-05 15:07:45,0,8270,8270
luff.ai,UNAVAILABLE,registration,2026-09-05 15:07:45,0,8270,8270
leeway.ai,UNAVAILABLE,registration,2026-09-05 15:07:45,0,8270,8270
lee.ai,UNAVAILABLE,registration,2026-09-05 15:07:45,0,8270,8270
helm.ai,UNAVAILABLE,registration,2026-09-05 15:07:45,0,8270,8270
halyard.ai,UNAVAILABLE,registration,2026-09-05 15:07:45,0,8270,8270
yonder.ai,UNAVAILABLE,registration,2026-09-05 15:07:45,0,8270,8270
glade.ai,UNAVAILABLE,registration,2026-09-05 15:07:45,0,8270,8270
bower.ai,UNAVAILABLE,registration,2026-09-05 15:07:45,0,8270,8270
bracken.ai,UNAVAILABLE,registration,2026-09-05 15:07:45,0,8270,8270
sorrel.ai,UNAVAILABLE,registration,2026-09-05 15:07:45,0,8270,8270
sedge.ai,UNAVAILABLE,registration,2026-09-05 15:07:45,0,8270,8270
rushes.ai,UNAVAILABLE,registration,2026-09-05 15:07:45,0,8270,8270
teasel.ai,AVAILABLE,registration,2026-09-05 15:07:45,0,8270,8270
yarrow.ai,UNAVAILABLE,registration,2026-09-05 15:07:45,0,8270,8270
catkin.ai,UNAVAILABLE,registration,2026-09-05 15:07:45,0,8270,8270
samara.ai,UNAVAILABLE,registration,2026-09-05 15:07:45,0,8270,8270
samphire.ai,UNAVAILABLE,registration,2026-09-05 15:07:45,0,8270,8270
vetch.ai,UNAVAILABLE,registration,2026-09-05 15:07:45,0,8270,8270
clover.ai,UNAVAILABLE,registration,2026-09-05 15:07:45,0,8270,8270
bluebell.ai,UNAVAILABLE,registration,2026-09-05 15:07:45,0,8270,8270
cowslip.ai,AVAILABLE,registration,2026-09-05 15:07:45,0,8270,8270
woodlark.ai,UNAVAILABLE,registration,2026-09-05 15:07:45,0,8270,8270
skylark.ai,UNAVAILABLE,registration,2026-09-05 15:07:45,0,8270,8270
redstart.ai,UNAVAILABLE,registration,2026-09-05 15:07:45,0,8270,8270
redwing.ai,UNAVAILABLE,registration,2026-09-05 15:07:45,0,8270,8270
sandpiper.ai,UNAVAILABLE,registration,2026-09-05 15:07:45,0,8270,8270
turnstone.ai,UNAVAILABLE,registration,2026-09-05 15:07:45,0,8270,8270
avocet.ai,UNAVAILABLE,registration,2026-09-05 15:07:45,0,8270,8270
veery.ai,UNAVAILABLE,registration,2026-09-05 15:07:45,0,8270,8270
pewee.ai,UNAVAILABLE,registration,2026-09-05 15:07:45,0,8270,8270
wigeon.ai,UNAVAILABLE,registration,2026-09-05 15:07:45,0,8270,8270
teal.ai,UNAVAILABLE,registration,2026-09-05 15:07:45,0,8270,8270
siskin.ai,UNAVAILABLE,registration,2026-09-05 15:07:45,0,8270,8270
fulmar.ai,UNAVAILABLE,registration,2026-09-05 15:07:45,0,8270,8270
curlew.ai,UNAVAILABLE,registration,2026-09-05 15:07:45,0,8270,8270
plover.ai,UNAVAILABLE,registration,2026-09-05 15:07:45,0,8270,8270
petrel.ai,UNAVAILABLE,registration,2026-09-05 15:07:45,0,8270,8270
merganser.ai,AVAILABLE,registration,2026-09-05 15:07:45,0,8270,8270
larkspur.ai,UNAVAILABLE,registration,2026-09-05 15:07:45,0,8270,8270
firefly.ai,UNAVAILABLE,registration,2026-09-05 15:07:45,0,8270,8270
mayfly.ai,UNAVAILABLE,registration,2026-09-05 15:07:45,0,8270,8270
caddis.ai,UNAVAILABLE,registration,2026-09-05 15:07:45,0,8270,8270
damselfly.ai,UNAVAILABLE,registration,2026-09-05 15:07:45,0,8270,8270
dapple.ai,UNAVAILABLE,registration,2026-09-05 15:07:45,0,8270,8270
stipple.ai,UNAVAILABLE,registration,2026-09-05 15:07:45,0,8270,8270
fleck.ai,UNAVAILABLE,registration,2026-09-05 15:07:45,0,8270,8270
speckle.ai,UNAVAILABLE,registration,2026-09-05 15:07:45,0,8270,8270
freckle.ai,UNAVAILABLE,registration,2026-09-05 15:07:45,0,8270,8270
mottle.ai,UNAVAILABLE,registration,2026-09-05 15:07:45,0,8270,8270
ripplets.ai,AVAILABLE,registration,2026-09-05 15:07:45,0,8270,8270
billow.ai,UNAVAILABLE,registration,2026-09-05 15:07:45,0,8270,8270
billowy.ai,AVAILABLE,registration,2026-09-05 15:07:45,0,8270,8270
silken.ai,UNAVAILABLE,registration,2026-09-05 15:07:45,0,8270,8270
satin.ai,UNAVAILABLE,registration,2026-09-05 15:07:45,0,8270,8270
velour.ai,UNAVAILABLE,registration,2026-09-05 15:07:45,0,8270,8270
voile.ai,UNAVAILABLE,registration,2026-09-05 15:07:45,0,8270,8270
calico.ai,UNAVAILABLE,registration,2026-09-05 15:07:45,0,8270,8270
cambric.ai,UNAVAILABLE,registration,2026-09-05 15:07:45,0,8270,8270
muslin.ai,UNAVAILABLE,registration,2026-09-05 15:07:45,0,8270,8270
damask.ai,UNAVAILABLE,registration,2026-09-05 15:07:45,0,8270,8270
brocade.ai,UNAVAILABLE,registration,2026-09-05 15:07:45,0,8270,8270
poplin.ai,UNAVAILABLE,registration,2026-09-05 15:07:45,0,8270,8270
taffeta.ai,UNAVAILABLE,registration,2026-09-05 15:07:45,0,8270,8270
tulle.ai,UNAVAILABLE,registration,2026-09-05 15:07:45,0,8270,8270
gauze.ai,UNAVAILABLE,registration,2026-09-05 15:07:45,0,8270,8270
gloss.ai,UNAVAILABLE,registration,2026-09-05 15:08:49,0,8270,8270
glim.ai,UNAVAILABLE,registration,2026-09-05 15:08:49,0,8270,8270
glisten.ai,UNAVAILABLE,registration,2026-09-05 15:08:49,0,8270,8270
shimmer.ai,UNAVAILABLE,registration,2026-09-05 15:08:49,0,8270,8270
flicker.ai,UNAVAILABLE,registration,2026-09-05 15:08:49,0,8270,8270
waver.ai,UNAVAILABLE,registration,2026-09-05 15:08:49,0,8270,8270
quiver.ai,UNAVAILABLE,registration,2026-09-05 15:08:49,0,8270,8270
shiver.ai,UNAVAILABLE,registration,2026-09-05 15:08:49,0,8270,8270
tremor.ai,UNAVAILABLE,registration,2026-09-05 15:08:49,0,8270,8270
quaver.ai,UNAVAILABLE,registration,2026-09-05 15:08:49,0,8270,8270
warble.ai,UNAVAILABLE,registration,2026-09-05 15:08:49,0,8270,8270
murmur.ai,UNAVAILABLE,registration,2026-09-05 15:08:49,0,8270,8270
mumble.ai,UNAVAILABLE,registration,2026-09-05 15:08:49,0,8270,8270
rustle.ai,UNAVAILABLE,registration,2026-09-05 15:08:49,0,8270,8270
susurr.ai,AVAILABLE,registration,2026-09-05 15:08:49,0,8270,8270
sough.ai,UNAVAILABLE,registration,2026-09-05 15:08:49,0,8270,8270
whisper.ai,UNAVAILABLE,registration,2026-09-05 15:08:49,0,8270,8270
whither.ai,UNAVAILABLE,registration,2026-09-05 15:08:49,0,8270,8270
thither.ai,AVAILABLE,registration,2026-09-05 15:08:49,0,8270,8270
inmost.ai,UNAVAILABLE,registration,2026-09-05 15:08:49,0,8270,8270
inly.ai,UNAVAILABLE,registration,2026-09-05 15:08:49,0,8270,8270
inwardly.ai,UNAVAILABLE,registration,2026-09-05 15:08:49,0,8270,8270
unthought.ai,AVAILABLE,registration,2026-09-05 15:08:49,0,8270,8270
unbidden.ai,UNAVAILABLE,registration,2026-09-05 15:08:49,0,8270,8270
unspoken.ai,UNAVAILABLE,registration,2026-09-05 15:08:49,0,8270,8270
unsaid.ai,UNAVAILABLE,registration,2026-09-05 15:08:49,0,8270,8270
unsung.ai,UNAVAILABLE,registration,2026-09-05 15:08:49,0,8270,8270
unshown.ai,AVAILABLE,registration,2026-09-05 15:08:49,0,8270,8270
unseen.ai,UNAVAILABLE,registration,2026-09-05 15:08:49,0,8270,8270
unlit.ai,UNAVAILABLE,registration,2026-09-05 15:08:49,0,8270,8270
relight.ai,UNAVAILABLE,registration,2026-09-05 15:08:49,0,8270,8270
limpid.ai,UNAVAILABLE,registration,2026-09-05 15:08:49,0,8270,8270
pellucid.ai,UNAVAILABLE,registration,2026-09-05 15:08:49,0,8270,8270
lucidity.ai,UNAVAILABLE,registration,2026-09-05 15:08:49,0,8270,8270
lucidly.ai,UNAVAILABLE,registration,2026-09-05 15:08:49,0,8270,8270
placid.ai,UNAVAILABLE,registration,2026-09-05 15:08:49,0,8270,8270
wistful.ai,UNAVAILABLE,registration,2026-09-05 15:08:49,0,8270,8270
wistfully.ai,AVAILABLE,registration,2026-09-05 15:08:49,0,8270,8270
wonderment.ai,UNAVAILABLE,registration,2026-09-05 15:08:49,0,8270,8270
pondering.ai,UNAVAILABLE,registration,2026-09-05 15:08:49,0,8270,8270
ponder.ai,UNAVAILABLE,registration,2026-09-05 15:08:49,0,8270,8270
brood.ai,UNAVAILABLE,registration,2026-09-05 15:08:49,0,8270,8270
dreamlet.ai,UNAVAILABLE,registration,2026-09-05 15:08:49,0,8270,8270
daylit.ai,UNAVAILABLE,registration,2026-09-05 15:08:49,0,8270,8270
sunlit.ai,UNAVAILABLE,registration,2026-09-05 15:08:49,0,8270,8270
moony.ai,UNAVAILABLE,registration,2026-09-05 15:08:49,0,8270,8270
moonlit.ai,UNAVAILABLE,registration,2026-09-05 15:08:49,0,8270,8270
moonlet.ai,UNAVAILABLE,registration,2026-09-05 15:08:49,0,8270,8270
gloam.ai,UNAVAILABLE,registration,2026-09-05 15:08:49,0,8270,8270
gloaming.ai,UNAVAILABLE,registration,2026-09-05 15:08:49,0,8270,8270
dawning.ai,UNAVAILABLE,registration,2026-09-05 15:08:49,0,8270,8270
duskily.ai,AVAILABLE,registration,2026-09-05 15:08:49,0,8270,8270
vesper.ai,UNAVAILABLE,registration,2026-09-05 15:08:49,0,8270,8270
vespers.ai,UNAVAILABLE,registration,2026-09-05 15:08:49,0,8270,8270
crepuscle.ai,UNAVAILABLE,registration,2026-09-05 15:08:49,0,8270,8270
crepuscular.ai,AVAILABLE,registration,2026-09-05 15:08:49,0,8270,8270
eventide.ai,UNAVAILABLE,registration,2026-09-05 15:08:49,0,8270,8270
evenfall.ai,UNAVAILABLE,registration,2026-09-05 15:08:49,0,8270,8270
auroral.ai,UNAVAILABLE,registration,2026-09-05 15:08:49,0,8270,8270
nacrous.ai,AVAILABLE,registration,2026-09-05 15:08:49,0,8270,8270
pearly.ai,UNAVAILABLE,registration,2026-09-05 15:08:49,0,8270,8270
pearlescent.ai,UNAVAILABLE,registration,2026-09-05 15:08:49,0,8270,8270
opalescent.ai,UNAVAILABLE,registration,2026-09-05 15:08:49,0,8270,8270
shimmery.ai,AVAILABLE,registration,2026-09-05 15:08:49,0,8270,8270
gleamy.ai,UNAVAILABLE,registration,2026-09-05 15:08:49,0,8270,8270
glinty.ai,UNAVAILABLE,registration,2026-09-05 15:08:49,0,8270,8270
glimmery.ai,AVAILABLE,registration,2026-09-05 15:08:49,0,8270,8270
spangle.ai,UNAVAILABLE,registration,2026-09-05 15:08:49,0,8270,8270
spangled.ai,AVAILABLE,registration,2026-09-05 15:08:49,0,8270,8270
twinkle.ai,UNAVAILABLE,registration,2026-09-05 15:08:49,0,8270,8270
twinkly.ai,UNAVAILABLE,registration,2026-09-05 15:08:49,0,8270,8270
twilit.ai,UNAVAILABLE,registration,2026-09-05 15:08:49,0,8270,8270
starlit.ai,UNAVAILABLE,registration,2026-09-05 15:08:49,0,8270,8270
starling.ai,UNAVAILABLE,registration,2026-09-05 15:08:49,0,8270,8270
linnets.ai,AVAILABLE,registration,2026-09-05 15:08:49,0,8270,8270
finchlet.ai,AVAILABLE,registration,2026-09-05 15:08:49,0,8270,8270
nestle.ai,UNAVAILABLE,registration,2026-09-05 15:08:49,0,8270,8270
nestling.ai,UNAVAILABLE,registration,2026-09-05 15:08:49,0,8270,8270
nuzzle.ai,UNAVAILABLE,registration,2026-09-05 15:08:49,0,8270,8270
nuzzly.ai,UNAVAILABLE,registration,2026-09-05 15:08:49,0,8270,8270
downy.ai,UNAVAILABLE,registration,2026-09-05 15:08:49,0,8270,8270
fledge.ai,UNAVAILABLE,registration,2026-09-05 15:08:49,0,8270,8270
fledged.ai,UNAVAILABLE,registration,2026-09-05 15:08:49,0,8270,8270
fledgling.ai,UNAVAILABLE,registration,2026-09-05 15:08:49,0,8270,8270
fluff.ai,UNAVAILABLE,registration,2026-09-05 15:08:49,0,8270,8270
flume.ai,UNAVAILABLE,registration,2026-09-05 15:08:49,0,8270,8270
spume.ai,UNAVAILABLE,registration,2026-09-05 15:08:49,0,8270,8270
brume.ai,UNAVAILABLE,registration,2026-09-05 15:08:49,0,8270,8270
brumous.ai,AVAILABLE,registration,2026-09-05 15:08:49,0,8270,8270
rime.ai,UNAVAILABLE,registration,2026-09-05 15:08:49,0,8270,8270
rimy.ai,UNAVAILABLE,registration,2026-09-05 15:08:49,0,8270,8270
hoarfrost.ai,UNAVAILABLE,registration,2026-09-05 15:08:49,0,8270,8270
frostlet.ai,AVAILABLE,registration,2026-09-05 15:08:49,0,8270,8270
dewlap.ai,AVAILABLE,registration,2026-09-05 15:08:49,0,8270,8270
dewdrop.ai,UNAVAILABLE,registration,2026-09-05 15:08:49,0,8270,8270
dewlet.ai,AVAILABLE,registration,2026-09-05 15:08:49,0,8270,8270
dewy.ai,UNAVAILABLE,registration,2026-09-05 15:08:49,0,8270,8270
mistle.ai,UNAVAILABLE,registration,2026-09-05 15:08:49,0,8270,8270
misty.ai,UNAVAILABLE,registration,2026-09-05 15:08:49,0,8270,8270
conation.ai,UNAVAILABLE,registration,2026-09-05 15:11:07,0,8270,8270
conative.ai,UNAVAILABLE,registration,2026-09-05 15:11:07,0,8270,8270
enactive.ai,UNAVAILABLE,registration,2026-09-05 15:11:07,0,8270,8270
enaction.ai,UNAVAILABLE,registration,2026-09-05 15:11:07,0,8270,8270
afford.ai,UNAVAILABLE,registration,2026-09-05 15:11:07,0,8270,8270
noetic.ai,UNAVAILABLE,registration,2026-09-05 15:11:07,0,8270,8270
noumen.ai,UNAVAILABLE,registration,2026-09-05 15:11:07,0,8270,8270
noumena.ai,UNAVAILABLE,registration,2026-09-05 15:11:07,0,8270,8270
appercept.ai,AVAILABLE,registration,2026-09-05 15:11:07,0,8270,8270
deictic.ai,UNAVAILABLE,registration,2026-09-05 15:11:07,0,8270,8270
deixis.ai,UNAVAILABLE,registration,2026-09-05 15:11:07,0,8270,8270
sememe.ai,UNAVAILABLE,registration,2026-09-05 15:11:07,0,8270,8270
alloseme.ai,AVAILABLE,registration,2026-09-05 15:11:07,0,8270,8270
intension.ai,UNAVAILABLE,registration,2026-09-05 15:11:07,0,8270,8270
construal.ai,UNAVAILABLE,registration,2026-09-05 15:11:07,0,8270,8270
inhere.ai,UNAVAILABLE,registration,2026-09-05 15:11:07,0,8270,8270
inhese.ai,AVAILABLE,registration,2026-09-05 15:11:07,0,8270,8270
qualic.ai,UNAVAILABLE,registration,2026-09-05 15:11:07,0,8270,8270
eidolon.ai,UNAVAILABLE,registration,2026-09-05 15:11:07,0,8270,8270
ectype.ai,UNAVAILABLE,registration,2026-09-05 15:11:07,0,8270,8270
ectypal.ai,AVAILABLE,registration,2026-09-05 15:11:07,0,8270,8270
ideatum.ai,UNAVAILABLE,registration,2026-09-05 15:11:07,0,8270,8270
ideate.ai,UNAVAILABLE,registration,2026-09-05 15:11:07,0,8270,8270
ideant.ai,AVAILABLE,registration,2026-09-05 15:11:07,0,8270,8270
cogent.ai,UNAVAILABLE,registration,2026-09-05 15:11:07,0,8270,8270
conatus.ai,UNAVAILABLE,registration,2026-09-05 15:11:07,0,8270,8270
conflate.ai,UNAVAILABLE,registration,2026-09-05 15:11:07,0,8270,8270
gestalt.ai,UNAVAILABLE,registration,2026-09-05 15:11:07,0,8270,8270
apperceive.ai,UNAVAILABLE,registration,2026-09-05 15:11:07,0,8270,8270
insight.ai,UNAVAILABLE,registration,2026-09-05 15:11:07,0,8270,8270
retrodict.ai,AVAILABLE,registration,2026-09-05 15:11:07,0,8270,8270
precept.ai,UNAVAILABLE,registration,2026-09-05 15:11:07,0,8270,8270
percept.ai,UNAVAILABLE,registration,2026-09-05 15:11:07,0,8270,8270
percip.ai,UNAVAILABLE,registration,2026-09-05 15:11:07,0,8270,8270
intuent.ai,UNAVAILABLE,registration,2026-09-05 15:11:07,0,8270,8270
sapient.ai,UNAVAILABLE,registration,2026-09-05 15:11:07,0,8270,8270
sentient.ai,UNAVAILABLE,registration,2026-09-05 15:11:07,0,8270,8270
sensate.ai,UNAVAILABLE,registration,2026-09-05 15:11:07,0,8270,8270
sentire.ai,UNAVAILABLE,registration,2026-09-05 15:11:07,0,8270,8270
sentic.ai,UNAVAILABLE,registration,2026-09-05 15:11:07,0,8270,8270
nescient.ai,UNAVAILABLE,registration,2026-09-05 15:11:07,0,8270,8270
sublimen.ai,AVAILABLE,registration,2026-09-05 15:11:07,0,8270,8270
sublimate.ai,UNAVAILABLE,registration,2026-09-05 15:11:07,0,8270,8270
subtext.ai,UNAVAILABLE,registration,2026-09-05 15:11:07,0,8270,8270
subword.ai,AVAILABLE,registration,2026-09-05 15:11:07,0,8270,8270
undertone.ai,UNAVAILABLE,registration,2026-09-05 15:11:07,0,8270,8270
overtone.ai,UNAVAILABLE,registration,2026-09-05 15:11:07,0,8270,8270
toneme.ai,AVAILABLE,registration,2026-09-05 15:11:07,0,8270,8270
phoneme.ai,UNAVAILABLE,registration,2026-09-05 15:11:07,0,8270,8270
prosody.ai,UNAVAILABLE,registration,2026-09-05 15:11:07,0,8270,8270
caesura.ai,UNAVAILABLE,registration,2026-09-05 15:11:07,0,8270,8270
spondee.ai,AVAILABLE,registration,2026-09-05 15:11:07,0,8270,8270
trochee.ai,AVAILABLE,registration,2026-09-05 15:11:07,0,8270,8270
iamb.ai,UNAVAILABLE,registration,2026-09-05 15:11:07,0,8270,8270
anapest.ai,AVAILABLE,registration,2026-09-05 15:11:07,0,8270,8270
scansion.ai,UNAVAILABLE,registration,2026-09-05 15:11:07,0,8270,8270
elision.ai,UNAVAILABLE,registration,2026-09-05 15:11:07,0,8270,8270
ellipsis.ai,UNAVAILABLE,registration,2026-09-05 15:11:07,0,8270,8270
dexis.ai,UNAVAILABLE,registration,2026-09-05 15:11:07,0,8270,8270
dictum.ai,UNAVAILABLE,registration,2026-09-05 15:11:07,0,8270,8270
dicta.ai,UNAVAILABLE,registration,2026-09-05 15:11:07,0,8270,8270
glossa.ai,UNAVAILABLE,registration,2026-09-05 15:11:07,0,8270,8270
lexis.ai,UNAVAILABLE,registration,2026-09-05 15:11:07,0,8270,8270
lemma.ai,UNAVAILABLE,registration,2026-09-05 15:11:07,0,8270,8270
glossol.ai,AVAILABLE,registration,2026-09-05 15:11:07,0,8270,8270
glossing.ai,AVAILABLE,registration,2026-09-05 15:11:07,0,8270,8270
recast.ai,UNAVAILABLE,registration,2026-09-05 15:11:07,0,8270,8270
revoice.ai,UNAVAILABLE,registration,2026-09-05 15:11:07,0,8270,8270
reweave.ai,UNAVAILABLE,registration,2026-09-05 15:11:07,0,8270,8270
redraft.ai,UNAVAILABLE,registration,2026-09-05 15:11:07,0,8270,8270
rescore.ai,UNAVAILABLE,registration,2026-09-05 15:11:07,0,8270,8270
retell.ai,UNAVAILABLE,registration,2026-09-05 15:11:07,0,8270,8270
scumble.ai,AVAILABLE,registration,2026-09-05 15:11:07,0,8270,8270
frisket.ai,AVAILABLE,registration,2026-09-05 15:11:07,0,8270,8270
scrim.ai,UNAVAILABLE,registration,2026-09-05 15:11:07,0,8270,8270
tracery.ai,UNAVAILABLE,registration,2026-09-05 15:11:07,0,8270,8270
tessera.ai,UNAVAILABLE,registration,2026-09-05 15:11:07,0,8270,8270
graver.ai,UNAVAILABLE,registration,2026-09-05 15:11:07,0,8270,8270
burin.ai,UNAVAILABLE,registration,2026-09-05 15:11:07,0,8270,8270
gouge.ai,UNAVAILABLE,registration,2026-09-05 15:11:07,0,8270,8270
etcher.ai,UNAVAILABLE,registration,2026-09-05 15:11:07,0,8270,8270
etching.ai,UNAVAILABLE,registration,2026-09-05 15:11:07,0,8270,8270
hatchery.ai,UNAVAILABLE,registration,2026-09-05 15:11:07,0,8270,8270
duotone.ai,UNAVAILABLE,registration,2026-09-05 15:11:07,0,8270,8270
tritone.ai,UNAVAILABLE,registration,2026-09-05 15:11:07,0,8270,8270
halftone.ai,UNAVAILABLE,registration,2026-09-05 15:11:07,0,8270,8270
tinter.ai,UNAVAILABLE,registration,2026-09-05 15:11:07,0,8270,8270
tintype.ai,AVAILABLE,registration,2026-09-05 15:11:07,0,8270,8270
grisaille.ai,AVAILABLE,registration,2026-09-05 15:11:07,0,8270,8270
encaustic.ai,AVAILABLE,registration,2026-09-05 15:11:07,0,8270,8270
impasto.ai,UNAVAILABLE,registration,2026-09-05 15:11:07,0,8270,8270
pentimento.ai,UNAVAILABLE,registration,2026-09-05 15:11:07,0,8270,8270
intaglio.ai,UNAVAILABLE,registration,2026-09-05 15:11:07,0,8270,8270
finial.ai,UNAVAILABLE,registration,2026-09-05 15:11:07,0,8270,8270
arris.ai,UNAVAILABLE,registration,2026-09-05 15:11:07,0,8270,8270
cove.ai,UNAVAILABLE,registration,2026-09-05 15:11:07,0,8270,8270
coving.ai,AVAILABLE,registration,2026-09-05 15:11:07,0,8270,8270
ogee.ai,UNAVAILABLE,registration,2026-09-05 15:11:07,0,8270,8270
ogive.ai,AVAILABLE,registration,2026-09-05 15:11:07,0,8270,8270
torus.ai,UNAVAILABLE,registration,2026-09-05 15:11:07,0,8270,8270
twiddle.ai,UNAVAILABLE,registration,2026-09-05 15:12:11,0,8270,8270
tweak.ai,UNAVAILABLE,registration,2026-09-05 15:12:11,0,8270,8270
fiddle.ai,UNAVAILABLE,registration,2026-09-05 15:12:11,0,8270,8270
wiggle.ai,UNAVAILABLE,registration,2026-09-05 15:12:11,0,8270,8270
wobble.ai,UNAVAILABLE,registration,2026-09-05 15:12:11,0,8270,8270
wriggle.ai,UNAVAILABLE,registration,2026-09-05 15:12:11,0,8270,8270
wrangle.ai,UNAVAILABLE,registration,2026-09-05 15:12:11,0,8270,8270
wangle.ai,UNAVAILABLE,registration,2026-09-05 15:12:11,0,8270,8270
wheedle.ai,UNAVAILABLE,registration,2026-09-05 15:12:11,0,8270,8270
coaxer.ai,AVAILABLE,registration,2026-09-05 15:12:11,0,8270,8270
cajole.ai,UNAVAILABLE,registration,2026-09-05 15:12:11,0,8270,8270
caress.ai,UNAVAILABLE,registration,2026-09-05 15:12:11,0,8270,8270
tussle.ai,UNAVAILABLE,registration,2026-09-05 15:12:11,0,8270,8270
ruffle.ai,UNAVAILABLE,registration,2026-09-05 15:12:11,0,8270,8270
rumple.ai,UNAVAILABLE,registration,2026-09-05 15:12:11,0,8270,8270
crumple.ai,UNAVAILABLE,registration,2026-09-05 15:12:11,0,8270,8270
pleat.ai,UNAVAILABLE,registration,2026-09-05 15:12:11,0,8270,8270
plait.ai,UNAVAILABLE,registration,2026-09-05 15:12:11,0,8270,8270
plisse.ai,AVAILABLE,registration,2026-09-05 15:12:11,0,8270,8270
unpleat.ai,AVAILABLE,registration,2026-09-05 15:12:11,0,8270,8270
unknit.ai,AVAILABLE,registration,2026-09-05 15:12:11,0,8270,8270
unknot.ai,UNAVAILABLE,registration,2026-09-05 15:12:11,0,8270,8270
unbraid.ai,AVAILABLE,registration,2026-09-05 15:12:11,0,8270,8270
unblend.ai,UNAVAILABLE,registration,2026-09-05 15:12:11,0,8270,8270
unthread.ai,UNAVAILABLE,registration,2026-09-05 15:12:11,0,8270,8270
threadlet.ai,AVAILABLE,registration,2026-09-05 15:12:11,0,8270,8270
yarnlet.ai,AVAILABLE,registration,2026-09-05 15:12:11,0,8270,8270
tassel.ai,UNAVAILABLE,registration,2026-09-05 15:12:11,0,8270,8270
bobble.ai,UNAVAILABLE,registration,2026-09-05 15:12:11,0,8270,8270
bobbly.ai,AVAILABLE,registration,2026-09-05 15:12:11,0,8270,8270
pommel.ai,AVAILABLE,registration,2026-09-05 15:12:11,0,8270,8270
gimbal.ai,UNAVAILABLE,registration,2026-09-05 15:12:11,0,8270,8270
fulcrum.ai,UNAVAILABLE,registration,2026-09-05 15:12:11,0,8270,8270
pawl.ai,UNAVAILABLE,registration,2026-09-05 15:12:11,0,8270,8270
ratchet.ai,UNAVAILABLE,registration,2026-09-05 15:12:11,0,8270,8270
cogwheel.ai,UNAVAILABLE,registration,2026-09-05 15:12:11,0,8270,8270
pinion.ai,UNAVAILABLE,registration,2026-09-05 15:12:11,0,8270,8270
bevelled.ai,AVAILABLE,registration,2026-09-05 15:12:11,0,8270,8270
whittle.ai,UNAVAILABLE,registration,2026-09-05 15:12:11,0,8270,8270
whittler.ai,UNAVAILABLE,registration,2026-09-05 15:12:11,0,8270,8270
spokeshave.ai,AVAILABLE,registration,2026-09-05 15:12:11,0,8270,8270
spicule.ai,AVAILABLE,registration,2026-09-05 15:12:11,0,8270,8270
splint.ai,UNAVAILABLE,registration,2026-09-05 15:12:11,0,8270,8270
splinter.ai,UNAVAILABLE,registration,2026-09-05 15:12:11,0,8270,8270
sloyd.ai,UNAVAILABLE,registration,2026-09-05 15:12:11,0,8270,8270
adze.ai,UNAVAILABLE,registration,2026-09-05 15:12:11,0,8270,8270
awl.ai,UNAVAILABLE,registration,2026-09-05 15:12:11,0,8270,8270
bodkin.ai,UNAVAILABLE,registration,2026-09-05 15:12:11,0,8270,8270
thimble.ai,UNAVAILABLE,registration,2026-09-05 15:12:11,0,8270,8270
gimlet.ai,UNAVAILABLE,registration,2026-09-05 15:12:11,0,8270,8270
gouger.ai,AVAILABLE,registration,2026-09-05 15:12:11,0,8270,8270
auger.ai,UNAVAILABLE,registration,2026-09-05 15:12:11,0,8270,8270
wherry.ai,UNAVAILABLE,registration,2026-09-05 15:12:11,0,8270,8270
skerry.ai,UNAVAILABLE,registration,2026-09-05 15:12:11,0,8270,8270
skiff.ai,UNAVAILABLE,registration,2026-09-05 15:12:11,0,8270,8270
coracle.ai,UNAVAILABLE,registration,2026-09-05 15:12:11,0,8270,8270
coble.ai,UNAVAILABLE,registration,2026-09-05 15:12:11,0,8270,8270
dinghy.ai,UNAVAILABLE,registration,2026-09-05 15:12:11,0,8270,8270
dory.ai,UNAVAILABLE,registration,2026-09-05 15:12:11,0,8270,8270
pram.ai,UNAVAILABLE,registration,2026-09-05 15:12:11,0,8270,8270
punt.ai,UNAVAILABLE,registration,2026-09-05 15:12:11,0,8270,8270
scull.ai,UNAVAILABLE,registration,2026-09-05 15:12:11,0,8270,8270
sculler.ai,AVAILABLE,registration,2026-09-05 15:12:11,0,8270,8270
scuttle.ai,UNAVAILABLE,registration,2026-09-05 15:12:11,0,8270,8270
scupper.ai,UNAVAILABLE,registration,2026-09-05 15:12:11,0,8270,8270
sprit.ai,UNAVAILABLE,registration,2026-09-05 15:12:11,0,8270,8270
sprig.ai,UNAVAILABLE,registration,2026-09-05 15:12:11,0,8270,8270
twiglet.ai,UNAVAILABLE,registration,2026-09-05 15:12:11,0,8270,8270
leaflet.ai,UNAVAILABLE,registration,2026-09-05 15:12:11,0,8270,8270
bract.ai,UNAVAILABLE,registration,2026-09-05 15:12:11,0,8270,8270
bractlet.ai,AVAILABLE,registration,2026-09-05 15:12:11,0,8270,8270
umbel.ai,UNAVAILABLE,registration,2026-09-05 15:12:11,0,8270,8270
cyme.ai,UNAVAILABLE,registration,2026-09-05 15:12:11,0,8270,8270
corymb.ai,UNAVAILABLE,registration,2026-09-05 15:12:11,0,8270,8270
raceme.ai,UNAVAILABLE,registration,2026-09-05 15:12:11,0,8270,8270
panicle.ai,UNAVAILABLE,registration,2026-09-05 15:12:11,0,8270,8270
glume.ai,UNAVAILABLE,registration,2026-09-05 15:12:11,0,8270,8270
awn.ai,UNAVAILABLE,registration,2026-09-05 15:12:11,0,8270,8270
aril.ai,UNAVAILABLE,registration,2026-09-05 15:12:11,0,8270,8270
husk.ai,UNAVAILABLE,registration,2026-09-05 15:12:11,0,8270,8270
frond.ai,UNAVAILABLE,registration,2026-09-05 15:12:11,0,8270,8270
foliole.ai,AVAILABLE,registration,2026-09-05 15:12:11,0,8270,8270
pinna.ai,UNAVAILABLE,registration,2026-09-05 15:12:11,0,8270,8270
lamina.ai,UNAVAILABLE,registration,2026-09-05 15:12:11,0,8270,8270
lamella.ai,UNAVAILABLE,registration,2026-09-05 15:12:11,0,8270,8270
lamellar.ai,AVAILABLE,registration,2026-09-05 15:12:11,0,8270,8270
petiole.ai,UNAVAILABLE,registration,2026-09-05 15:12:11,0,8270,8270
stipule.ai,AVAILABLE,registration,2026-09-05 15:12:11,0,8270,8270
isotone.ai,UNAVAILABLE,registration,2026-09-05 15:12:11,0,8270,8270
isoline.ai,UNAVAILABLE,registration,2026-09-05 15:12:11,0,8270,8270
isopleth.ai,AVAILABLE,registration,2026-09-05 15:12:11,0,8270,8270
isobar.ai,UNAVAILABLE,registration,2026-09-05 15:12:11,0,8270,8270
isobath.ai,AVAILABLE,registration,2026-09-05 15:12:11,0,8270,8270
isogon.ai,UNAVAILABLE,registration,2026-09-05 15:12:11,0,8270,8270
dyadic.ai,UNAVAILABLE,registration,2026-09-05 15:12:11,0,8270,8270
sheaf.ai,UNAVAILABLE,registration,2026-09-05 15:12:11,0,8270,8270
sheave.ai,UNAVAILABLE,registration,2026-09-05 15:12:11,0,8270,8270
lissome.ai,UNAVAILABLE,registration,2026-09-05 15:12:11,0,8270,8270
lissom.ai,UNAVAILABLE,registration,2026-09-05 15:12:11,0,8270,8270
pliant.ai,UNAVAILABLE,registration,2026-09-05 15:12:11,0,8270,8270
ramify.ai,UNAVAILABLE,registration,2026-09-05 15:13:58,0,8270,8270
ramose.ai,UNAVAILABLE,registration,2026-09-05 15:13:58,0,8270,8270
ramous.ai,AVAILABLE,registration,2026-09-05 15:13:58,0,8270,8270
pleach.ai,UNAVAILABLE,registration,2026-09-05 15:13:58,0,8270,8270
coppice.ai,UNAVAILABLE,registration,2026-09-05 15:13:58,0,8270,8270
pollard.ai,UNAVAILABLE,registration,2026-09-05 15:13:58,0,8270,8270
bough.ai,UNAVAILABLE,registration,2026-09-05 15:13:58,0,8270,8270
bole.ai,UNAVAILABLE,registration,2026-09-05 15:13:58,0,8270,8270
burl.ai,UNAVAILABLE,registration,2026-09-05 15:13:58,0,8270,8270
burr.ai,UNAVAILABLE,registration,2026-09-05 15:13:58,0,8270,8270
onlap.ai,AVAILABLE,registration,2026-09-05 15:13:58,0,8270,8270
offlap.ai,AVAILABLE,registration,2026-09-05 15:13:58,0,8270,8270
drumlin.ai,UNAVAILABLE,registration,2026-09-05 15:13:58,0,8270,8270
kettle.ai,UNAVAILABLE,registration,2026-09-05 15:13:58,0,8270,8270
kame.ai,UNAVAILABLE,registration,2026-09-05 15:13:58,0,8270,8270
esker.ai,UNAVAILABLE,registration,2026-09-05 15:13:58,0,8270,8270
moraine.ai,UNAVAILABLE,registration,2026-09-05 15:13:58,0,8270,8270
arete.ai,UNAVAILABLE,registration,2026-09-05 15:13:58,0,8270,8270
cirque.ai,UNAVAILABLE,registration,2026-09-05 15:13:58,0,8270,8270
dell.ai,UNAVAILABLE,registration,2026-09-05 15:13:58,0,8270,8270
dingle.ai,UNAVAILABLE,registration,2026-09-05 15:13:58,0,8270,8270
dint.ai,UNAVAILABLE,registration,2026-09-05 15:13:58,0,8270,8270
dent.ai,UNAVAILABLE,registration,2026-09-05 15:13:58,0,8270,8270
tatter.ai,UNAVAILABLE,registration,2026-09-05 15:13:58,0,8270,8270
tattered.ai,UNAVAILABLE,registration,2026-09-05 15:13:58,0,8270,8270
drape.ai,UNAVAILABLE,registration,2026-09-05 15:13:58,0,8270,8270
drapery.ai,UNAVAILABLE,registration,2026-09-05 15:13:58,0,8270,8270
swathe.ai,UNAVAILABLE,registration,2026-09-05 15:13:58,0,8270,8270
swath.ai,UNAVAILABLE,registration,2026-09-05 15:13:58,0,8270,8270
swatch.ai,UNAVAILABLE,registration,2026-09-05 15:13:58,0,8270,8270
swatchy.ai,AVAILABLE,registration,2026-09-05 15:13:58,0,8270,8270
swaddle.ai,UNAVAILABLE,registration,2026-09-05 15:13:58,0,8270,8270
swish.ai,UNAVAILABLE,registration,2026-09-05 15:13:58,0,8270,8270
swoosh.ai,UNAVAILABLE,registration,2026-09-05 15:13:58,0,8270,8270
swoop.ai,UNAVAILABLE,registration,2026-09-05 15:13:58,0,8270,8270
swoon.ai,UNAVAILABLE,registration,2026-09-05 15:13:58,0,8270,8270
saunter.ai,UNAVAILABLE,registration,2026-09-05 15:13:58,0,8270,8270
gambol.ai,UNAVAILABLE,registration,2026-09-05 15:13:58,0,8270,8270
gambit.ai,UNAVAILABLE,registration,2026-09-05 15:13:58,0,8270,8270
gambrel.ai,AVAILABLE,registration,2026-09-05 15:13:58,0,8270,8270
amble.ai,UNAVAILABLE,registration,2026-09-05 15:13:58,0,8270,8270
ambler.ai,UNAVAILABLE,registration,2026-09-05 15:13:58,0,8270,8270
ramble.ai,UNAVAILABLE,registration,2026-09-05 15:13:58,0,8270,8270
rambler.ai,UNAVAILABLE,registration,2026-09-05 15:13:58,0,8270,8270
meander.ai,UNAVAILABLE,registration,2026-09-05 15:13:58,0,8270,8270
wander.ai,UNAVAILABLE,registration,2026-09-05 15:13:58,0,8270,8270
wanderer.ai,UNAVAILABLE,registration,2026-09-05 15:13:58,0,8270,8270
wayward.ai,UNAVAILABLE,registration,2026-09-05 15:13:58,0,8270,8270
wayworn.ai,AVAILABLE,registration,2026-09-05 15:13:58,0,8270,8270
sidle.ai,UNAVAILABLE,registration,2026-09-05 15:13:58,0,8270,8270
sidestep.ai,UNAVAILABLE,registration,2026-09-05 15:13:58,0,8270,8270
sidelong.ai,AVAILABLE,registration,2026-09-05 15:13:58,0,8270,8270
oblique.ai,UNAVAILABLE,registration,2026-09-05 15:13:58,0,8270,8270
slantwise.ai,UNAVAILABLE,registration,2026-09-05 15:13:58,0,8270,8270
askew.ai,UNAVAILABLE,registration,2026-09-05 15:13:58,0,8270,8270
skew.ai,UNAVAILABLE,registration,2026-09-05 15:13:58,0,8270,8270
slant.ai,UNAVAILABLE,registration,2026-09-05 15:13:58,0,8270,8270
swerver.ai,UNAVAILABLE,registration,2026-09-05 15:13:58,0,8270,8270
nudger.ai,UNAVAILABLE,registration,2026-09-05 15:13:58,0,8270,8270
softie.ai,UNAVAILABLE,registration,2026-09-05 15:13:58,0,8270,8270
mellow.ai,UNAVAILABLE,registration,2026-09-05 15:13:58,0,8270,8270
mallow.ai,UNAVAILABLE,registration,2026-09-05 15:13:58,0,8270,8270
muggy.ai,AVAILABLE,registration,2026-09-05 15:13:58,0,8270,8270
marshy.ai,AVAILABLE,registration,2026-09-05 15:13:58,0,8270,8270
smidgen.ai,AVAILABLE,registration,2026-09-05 15:13:58,0,8270,8270
smidge.ai,UNAVAILABLE,registration,2026-09-05 15:13:58,0,8270,8270
dabble.ai,UNAVAILABLE,registration,2026-09-05 15:13:58,0,8270,8270
dabber.ai,UNAVAILABLE,registration,2026-09-05 15:13:58,0,8270,8270
dabster.ai,UNAVAILABLE,registration,2026-09-05 15:13:58,0,8270,8270
dappled.ai,AVAILABLE,registration,2026-09-05 15:13:58,0,8270,8270
dappler.ai,AVAILABLE,registration,2026-09-05 15:13:58,0,8270,8270
ruddle.ai,AVAILABLE,registration,2026-09-05 15:13:58,0,8270,8270
raddle.ai,UNAVAILABLE,registration,2026-09-05 15:13:58,0,8270,8270
dittany.ai,AVAILABLE,registration,2026-09-05 15:13:58,0,8270,8270
tansy.ai,UNAVAILABLE,registration,2026-09-05 15:13:58,0,8270,8270
madder.ai,UNAVAILABLE,registration,2026-09-05 15:13:58,0,8270,8270
weld.ai,UNAVAILABLE,registration,2026-09-05 15:13:58,0,8270,8270
woad.ai,UNAVAILABLE,registration,2026-09-05 15:13:58,0,8270,8270
burdock.ai,UNAVAILABLE,registration,2026-09-05 15:13:58,0,8270,8270
comfrey.ai,UNAVAILABLE,registration,2026-09-05 15:13:58,0,8270,8270
chervil.ai,AVAILABLE,registration,2026-09-05 15:13:58,0,8270,8270
chive.ai,UNAVAILABLE,registration,2026-09-05 15:13:58,0,8270,8270
savory.ai,UNAVAILABLE,registration,2026-09-05 15:13:58,0,8270,8270
burnet.ai,UNAVAILABLE,registration,2026-09-05 15:13:58,0,8270,8270
betony.ai,UNAVAILABLE,registration,2026-09-05 15:13:58,0,8270,8270
woodruff.ai,UNAVAILABLE,registration,2026-09-05 15:13:58,0,8270,8270
vervain.ai,UNAVAILABLE,registration,2026-09-05 15:13:58,0,8270,8270
speedwell.ai,UNAVAILABLE,registration,2026-09-05 15:13:58,0,8270,8270
harebell.ai,AVAILABLE,registration,2026-09-05 15:13:58,0,8270,8270
eyebright.ai,UNAVAILABLE,registration,2026-09-05 15:13:58,0,8270,8270
bugle.ai,UNAVAILABLE,registration,2026-09-05 15:13:58,0,8270,8270
fleabane.ai,AVAILABLE,registration,2026-09-05 15:13:58,0,8270,8270
fleawort.ai,AVAILABLE,registration,2026-09-05 15:13:58,0,8270,8270
sepal.ai,UNAVAILABLE,registration,2026-09-05 15:13:58,0,8270,8270
tepal.ai,AVAILABLE,registration,2026-09-05 15:13:58,0,8270,8270
stamen.ai,UNAVAILABLE,registration,2026-09-05 15:13:58,0,8270,8270
anther.ai,UNAVAILABLE,registration,2026-09-05 15:13:58,0,8270,8270
filament.ai,UNAVAILABLE,registration,2026-09-05 15:13:58,0,8270,8270
pistil.ai,UNAVAILABLE,registration,2026-09-05 15:13:58,0,8270,8270
ovule.ai,UNAVAILABLE,registration,2026-09-05 15:13:58,0,8270,8270
