"domain","result","type","ts","premium","price","renewal"
"dawdle.ai","UNAVAILABLE","registration","2026-09-05 15:28:02","0","8270","8270"
"dawdler.ai","AVAILABLE","registration","2026-09-05 15:28:02","0","8270","8270"
"dally.ai","UNAVAILABLE","registration","2026-09-05 15:28:02","0","8270","8270"
"dilly.ai","UNAVAILABLE","registration","2026-09-05 15:28:02","0","8270","8270"
"pootle.ai","UNAVAILABLE","registration","2026-09-05 15:28:02","0","8270","8270"
"tootle.ai","UNAVAILABLE","registration","2026-09-05 15:28:02","0","8270","8270"
"tootler.ai","UNAVAILABLE","registration","2026-09-05 15:28:02","0","8270","8270"
"noodle.ai","UNAVAILABLE","registration","2026-09-05 15:28:02","0","8270","8270"
"noodler.ai","UNAVAILABLE","registration","2026-09-05 15:28:02","0","8270","8270"
"noodling.ai","UNAVAILABLE","registration","2026-09-05 15:28:02","0","8270","8270"
"natter.ai","UNAVAILABLE","registration","2026-09-05 15:28:02","0","8270","8270"
"prattle.ai","UNAVAILABLE","registration","2026-09-05 15:28:02","0","8270","8270"
"patter.ai","UNAVAILABLE","registration","2026-09-05 15:28:02","0","8270","8270"
"patten.ai","UNAVAILABLE","registration","2026-09-05 15:28:02","0","8270","8270"
"jotter.ai","UNAVAILABLE","registration","2026-09-05 15:28:02","0","8270","8270"
"jotting.ai","UNAVAILABLE","registration","2026-09-05 15:28:02","0","8270","8270"
"jottings.ai","UNAVAILABLE","registration","2026-09-05 15:28:02","0","8270","8270"
"mutter.ai","UNAVAILABLE","registration","2026-09-05 15:28:02","0","8270","8270"
"mutterer.ai","AVAILABLE","registration","2026-09-05 15:28:02","0","8270","8270"
"mumbled.ai","AVAILABLE","registration","2026-09-05 15:28:02","0","8270","8270"
"mumbly.ai","UNAVAILABLE","registration","2026-09-05 15:28:02","0","8270","8270"
"mumbler.ai","UNAVAILABLE","registration","2026-09-05 15:28:02","0","8270","8270"
"gibber.ai","UNAVAILABLE","registration","2026-09-05 15:28:02","0","8270","8270"
"babble.ai","UNAVAILABLE","registration","2026-09-05 15:28:02","0","8270","8270"
"babbler.ai","UNAVAILABLE","registration","2026-09-05 15:28:02","0","8270","8270"
"burble.ai","UNAVAILABLE","registration","2026-09-05 15:28:02","0","8270","8270"
"burbly.ai","AVAILABLE","registration","2026-09-05 15:28:02","0","8270","8270"
"warbling.ai","UNAVAILABLE","registration","2026-09-05 15:28:02","0","8270","8270"
"fleeting.ai","UNAVAILABLE","registration","2026-09-05 15:28:02","0","8270","8270"
"flitting.ai","AVAILABLE","registration","2026-09-05 15:28:02","0","8270","8270"
"flitter.ai","UNAVAILABLE","registration","2026-09-05 15:28:02","0","8270","8270"
"flutter.ai","UNAVAILABLE","registration","2026-09-05 15:28:02","0","8270","8270"
"flurry.ai","UNAVAILABLE","registration","2026-09-05 15:28:02","0","8270","8270"
"flurried.ai","AVAILABLE","registration","2026-09-05 15:28:02","0","8270","8270"
"froth.ai","UNAVAILABLE","registration","2026-09-05 15:28:02","0","8270","8270"
"frothy.ai","UNAVAILABLE","registration","2026-09-05 15:28:02","0","8270","8270"
"frolic.ai","UNAVAILABLE","registration","2026-09-05 15:28:02","0","8270","8270"
"frisky.ai","UNAVAILABLE","registration","2026-09-05 15:28:02","0","8270","8270"
"frizzle.ai","UNAVAILABLE","registration","2026-09-05 15:28:02","0","8270","8270"
"frizzy.ai","UNAVAILABLE","registration","2026-09-05 15:28:02","0","8270","8270"
"frippery.ai","AVAILABLE","registration","2026-09-05 15:28:02","0","8270","8270"
"trinket.ai","UNAVAILABLE","registration","2026-09-05 15:28:02","0","8270","8270"
"bauble.ai","UNAVAILABLE","registration","2026-09-05 15:28:02","0","8270","8270"
"bijou.ai","UNAVAILABLE","registration","2026-09-05 15:28:02","0","8270","8270"
"doodad.ai","UNAVAILABLE","registration","2026-09-05 15:28:02","0","8270","8270"
"doodler.ai","UNAVAILABLE","registration","2026-09-05 15:28:02","0","8270","8270"
"doodling.ai","UNAVAILABLE","registration","2026-09-05 15:28:02","0","8270","8270"
"riffle.ai","UNAVAILABLE","registration","2026-09-05 15:28:02","0","8270","8270"
"riffling.ai","AVAILABLE","registration","2026-09-05 15:28:02","0","8270","8270"
"riffler.ai","UNAVAILABLE","registration","2026-09-05 15:28:02","0","8270","8270"
"tinkerer.ai","UNAVAILABLE","registration","2026-09-05 15:28:02","0","8270","8270"
"tinkling.ai","AVAILABLE","registration","2026-09-05 15:28:02","0","8270","8270"
"tinkle.ai","UNAVAILABLE","registration","2026-09-05 15:28:02","0","8270","8270"
"dinkum.ai","UNAVAILABLE","registration","2026-09-05 15:28:02","0","8270","8270"
"dinky.ai","UNAVAILABLE","registration","2026-09-05 15:28:02","0","8270","8270"
"diddly.ai","UNAVAILABLE","registration","2026-09-05 15:28:02","0","8270","8270"
"fiddly.ai","AVAILABLE","registration","2026-09-05 15:28:02","0","8270","8270"
"fidget.ai","UNAVAILABLE","registration","2026-09-05 15:28:02","0","8270","8270"
"fidgety.ai","AVAILABLE","registration","2026-09-05 15:28:02","0","8270","8270"
"scooch.ai","UNAVAILABLE","registration","2026-09-05 15:28:02","0","8270","8270"
"squish.ai","UNAVAILABLE","registration","2026-09-05 15:28:02","0","8270","8270"
"squishy.ai","UNAVAILABLE","registration","2026-09-05 15:28:02","0","8270","8270"
"squidge.ai","AVAILABLE","registration","2026-09-05 15:28:02","0","8270","8270"
"squeezy.ai","UNAVAILABLE","registration","2026-09-05 15:28:02","0","8270","8270"
"squeak.ai","UNAVAILABLE","registration","2026-09-05 15:28:02","0","8270","8270"
"squeaky.ai","UNAVAILABLE","registration","2026-09-05 15:28:02","0","8270","8270"
"squeal.ai","UNAVAILABLE","registration","2026-09-05 15:28:02","0","8270","8270"
"snuggle.ai","UNAVAILABLE","registration","2026-09-05 15:28:02","0","8270","8270"
"snugly.ai","UNAVAILABLE","registration","2026-09-05 15:28:02","0","8270","8270"
"snugger.ai","AVAILABLE","registration","2026-09-05 15:28:02","0","8270","8270"
"snoozy.ai","UNAVAILABLE","registration","2026-09-05 15:28:02","0","8270","8270"
"snoozer.ai","UNAVAILABLE","registration","2026-09-05 15:28:02","0","8270","8270"
"dozy.ai","UNAVAILABLE","registration","2026-09-05 15:28:02","0","8270","8270"
"dozing.ai","AVAILABLE","registration","2026-09-05 15:28:02","0","8270","8270"
"dozer.ai","UNAVAILABLE","registration","2026-09-05 15:28:02","0","8270","8270"
"drowsing.ai","AVAILABLE","registration","2026-09-05 15:28:02","0","8270","8270"
"napping.ai","UNAVAILABLE","registration","2026-09-05 15:28:02","0","8270","8270"
"napper.ai","UNAVAILABLE","registration","2026-09-05 15:28:02","0","8270","8270"
"nappy.ai","UNAVAILABLE","registration","2026-09-05 15:28:02","0","8270","8270"
"snooze.ai","UNAVAILABLE","registration","2026-09-05 15:28:02","0","8270","8270"
"sleepy.ai","UNAVAILABLE","registration","2026-09-05 15:28:02","0","8270","8270"
"sleepily.ai","AVAILABLE","registration","2026-09-05 15:28:02","0","8270","8270"
"slumbery.ai","AVAILABLE","registration","2026-09-05 15:28:02","0","8270","8270"
"dreamer.ai","UNAVAILABLE","registration","2026-09-05 15:28:02","0","8270","8270"
"dreamful.ai","UNAVAILABLE","registration","2026-09-05 15:28:02","0","8270","8270"
"dreamily.ai","UNAVAILABLE","registration","2026-09-05 15:28:02","0","8270","8270"
"dreamy.ai","UNAVAILABLE","registration","2026-09-05 15:28:02","0","8270","8270"
"dreamt.ai","UNAVAILABLE","registration","2026-09-05 15:28:02","0","8270","8270"
"dreamlike.ai","UNAVAILABLE","registration","2026-09-05 15:28:02","0","8270","8270"
"fanciful.ai","UNAVAILABLE","registration","2026-09-05 15:28:02","0","8270","8270"
"fancy.ai","UNAVAILABLE","registration","2026-09-05 15:28:02","0","8270","8270"
"fancied.ai","AVAILABLE","registration","2026-09-05 15:28:02","0","8270","8270"
"whimsy.ai","UNAVAILABLE","registration","2026-09-05 15:28:02","0","8270","8270"
"whims.ai","UNAVAILABLE","registration","2026-09-05 15:28:02","0","8270","8270"
"whim.ai","UNAVAILABLE","registration","2026-09-05 15:28:02","0","8270","8270"
"whimlet.ai","AVAILABLE","registration","2026-09-05 15:28:02","0","8270","8270"
"whimful.ai","AVAILABLE","registration","2026-09-05 15:28:02","0","8270","8270"
"fancify.ai","UNAVAILABLE","registration","2026-09-05 15:28:02","0","8270","8270"
"wishful.ai","UNAVAILABLE","registration","2026-09-05 15:28:02","0","8270","8270"
"wist.ai","UNAVAILABLE","registration","2026-09-05 15:28:02","0","8270","8270"
"lantern.ai","UNAVAILABLE","registration","2026-09-05 15:29:06","0","8270","8270"
"lamplight.ai","UNAVAILABLE","registration","2026-09-05 15:29:06","0","8270","8270"
"candle.ai","UNAVAILABLE","registration","2026-09-05 15:29:06","0","8270","8270"
"candor.ai","UNAVAILABLE","registration","2026-09-05 15:29:06","0","8270","8270"
"candid.ai","UNAVAILABLE","registration","2026-09-05 15:29:06","0","8270","8270"
"canny.ai","UNAVAILABLE","registration","2026-09-05 15:29:06","0","8270","8270"
"candlelit.ai","UNAVAILABLE","registration","2026-09-05 15:29:06","0","8270","8270"
"glowworm.ai","UNAVAILABLE","registration","2026-09-05 15:29:06","0","8270","8270"
"glowlight.ai","UNAVAILABLE","registration","2026-09-05 15:29:06","0","8270","8270"
"stargaze.ai","UNAVAILABLE","registration","2026-09-05 15:29:06","0","8270","8270"
"starglow.ai","AVAILABLE","registration","2026-09-05 15:29:06","0","8270","8270"
"starlet.ai","UNAVAILABLE","registration","2026-09-05 15:29:06","0","8270","8270"
"starry.ai","UNAVAILABLE","registration","2026-09-05 15:29:06","0","8270","8270"
"starlight.ai","UNAVAILABLE","registration","2026-09-05 15:29:06","0","8270","8270"
"moonrise.ai","UNAVAILABLE","registration","2026-09-05 15:29:06","0","8270","8270"
"moonbeam.ai","UNAVAILABLE","registration","2026-09-05 15:29:06","0","8270","8270"
"moonlight.ai","UNAVAILABLE","registration","2026-09-05 15:29:06","0","8270","8270"
"sunbeam.ai","UNAVAILABLE","registration","2026-09-05 15:29:06","0","8270","8270"
"sunburst.ai","UNAVAILABLE","registration","2026-09-05 15:29:06","0","8270","8270"
"sundial.ai","UNAVAILABLE","registration","2026-09-05 15:29:06","0","8270","8270"
"sundog.ai","UNAVAILABLE","registration","2026-09-05 15:29:06","0","8270","8270"
"sunspot.ai","UNAVAILABLE","registration","2026-09-05 15:29:06","0","8270","8270"
"sunward.ai","UNAVAILABLE","registration","2026-09-05 15:29:06","0","8270","8270"
"sundown.ai","UNAVAILABLE","registration","2026-09-05 15:29:06","0","8270","8270"
"daylight.ai","UNAVAILABLE","registration","2026-09-05 15:29:06","0","8270","8270"
"daybreak.ai","UNAVAILABLE","registration","2026-09-05 15:29:06","0","8270","8270"
"dayglow.ai","UNAVAILABLE","registration","2026-09-05 15:29:06","0","8270","8270"
"daystar.ai","UNAVAILABLE","registration","2026-09-05 15:29:06","0","8270","8270"
"daydreams.ai","UNAVAILABLE","registration","2026-09-05 15:29:06","0","8270","8270"
"dreamwork.ai","UNAVAILABLE","registration","2026-09-05 15:29:06","0","8270","8270"
"dreamscape.ai","UNAVAILABLE","registration","2026-09-05 15:29:06","0","8270","8270"
"dreamland.ai","UNAVAILABLE","registration","2026-09-05 15:29:06","0","8270","8270"
"dreamtime.ai","UNAVAILABLE","registration","2026-09-05 15:29:06","0","8270","8270"
"lullaby.ai","UNAVAILABLE","registration","2026-09-05 15:29:06","0","8270","8270"
"lull.ai","UNAVAILABLE","registration","2026-09-05 15:29:06","0","8270","8270"
"lulling.ai","AVAILABLE","registration","2026-09-05 15:29:06","0","8270","8270"
"hush.ai","UNAVAILABLE","registration","2026-09-05 15:29:06","0","8270","8270"
"hushed.ai","UNAVAILABLE","registration","2026-09-05 15:29:06","0","8270","8270"
"hushful.ai","UNAVAILABLE","registration","2026-09-05 15:29:06","0","8270","8270"
"quietly.ai","UNAVAILABLE","registration","2026-09-05 15:29:06","0","8270","8270"
"quietude.ai","UNAVAILABLE","registration","2026-09-05 15:29:06","0","8270","8270"
"stillness.ai","UNAVAILABLE","registration","2026-09-05 15:29:06","0","8270","8270"
"stilling.ai","UNAVAILABLE","registration","2026-09-05 15:29:06","0","8270","8270"
"still.ai","UNAVAILABLE","registration","2026-09-05 15:29:06","0","8270","8270"
"softest.ai","UNAVAILABLE","registration","2026-09-05 15:29:06","0","8270","8270"
"softer.ai","UNAVAILABLE","registration","2026-09-05 15:29:06","0","8270","8270"
"softly.ai","UNAVAILABLE","registration","2026-09-05 15:29:06","0","8270","8270"
"softy.ai","UNAVAILABLE","registration","2026-09-05 15:29:06","0","8270","8270"
"gentler.ai","UNAVAILABLE","registration","2026-09-05 15:29:06","0","8270","8270"
"gently.ai","UNAVAILABLE","registration","2026-09-05 15:29:06","0","8270","8270"
"tenderly.ai","UNAVAILABLE","registration","2026-09-05 15:29:06","0","8270","8270"
"tender.ai","UNAVAILABLE","registration","2026-09-05 15:29:06","0","8270","8270"
"gentleness.ai","UNAVAILABLE","registration","2026-09-05 15:29:06","0","8270","8270"
"velvet.ai","UNAVAILABLE","registration","2026-09-05 15:29:06","0","8270","8270"
"velvety.ai","UNAVAILABLE","registration","2026-09-05 15:29:06","0","8270","8270"
"satiny.ai","AVAILABLE","registration","2026-09-05 15:29:06","0","8270","8270"
"silky.ai","UNAVAILABLE","registration","2026-09-05 15:29:06","0","8270","8270"
"plush.ai","UNAVAILABLE","registration","2026-09-05 15:29:06","0","8270","8270"
"plushy.ai","UNAVAILABLE","registration","2026-09-05 15:29:06","0","8270","8270"
"fleecy.ai","AVAILABLE","registration","2026-09-05 15:29:06","0","8270","8270"
"fleece.ai","UNAVAILABLE","registration","2026-09-05 15:29:06","0","8270","8270"
"woolly.ai","UNAVAILABLE","registration","2026-09-05 15:29:06","0","8270","8270"
"woolen.ai","UNAVAILABLE","registration","2026-09-05 15:29:06","0","8270","8270"
"woollen.ai","AVAILABLE","registration","2026-09-05 15:29:06","0","8270","8270"
"cottony.ai","AVAILABLE","registration","2026-09-05 15:29:06","0","8270","8270"
"cotton.ai","UNAVAILABLE","registration","2026-09-05 15:29:06","0","8270","8270"
"gossamer.ai","UNAVAILABLE","registration","2026-09-05 15:29:06","0","8270","8270"
"gauzy.ai","UNAVAILABLE","registration","2026-09-05 15:29:06","0","8270","8270"
"diaphane.ai","UNAVAILABLE","registration","2026-09-05 15:29:06","0","8270","8270"
"diaphany.ai","AVAILABLE","registration","2026-09-05 15:29:06","0","8270","8270"
"gauzily.ai","AVAILABLE","registration","2026-09-05 15:29:06","0","8270","8270"
"feathery.ai","UNAVAILABLE","registration","2026-09-05 15:29:06","0","8270","8270"
"feather.ai","UNAVAILABLE","registration","2026-09-05 15:29:06","0","8270","8270"
"feathered.ai","UNAVAILABLE","registration","2026-09-05 15:29:06","0","8270","8270"
"downwind.ai","UNAVAILABLE","registration","2026-09-05 15:29:06","0","8270","8270"
"windward.ai","UNAVAILABLE","registration","2026-09-05 15:29:06","0","8270","8270"
"wayfinder.ai","UNAVAILABLE","registration","2026-09-05 15:29:06","0","8270","8270"
"waymark.ai","UNAVAILABLE","registration","2026-09-05 15:29:06","0","8270","8270"
"waypost.ai","UNAVAILABLE","registration","2026-09-05 15:29:06","0","8270","8270"
"signpost.ai","UNAVAILABLE","registration","2026-09-05 15:29:06","0","8270","8270"
"guidepost.ai","UNAVAILABLE","registration","2026-09-05 15:29:06","0","8270","8270"
"handrail.ai","UNAVAILABLE","registration","2026-09-05 15:29:06","0","8270","8270"
"handhold.ai","UNAVAILABLE","registration","2026-09-05 15:29:06","0","8270","8270"
"foothold.ai","UNAVAILABLE","registration","2026-09-05 15:29:06","0","8270","8270"
"handloom.ai","UNAVAILABLE","registration","2026-09-05 15:29:06","0","8270","8270"
"handwork.ai","UNAVAILABLE","registration","2026-09-05 15:29:06","0","8270","8270"
"handbell.ai","UNAVAILABLE","registration","2026-09-05 15:29:06","0","8270","8270"
"handsel.ai","UNAVAILABLE","registration","2026-09-05 15:29:06","0","8270","8270"
"foothill.ai","UNAVAILABLE","registration","2026-09-05 15:29:06","0","8270","8270"
"firelight.ai","UNAVAILABLE","registration","2026-09-05 15:29:06","0","8270","8270"
"fireglow.ai","UNAVAILABLE","registration","2026-09-05 15:29:06","0","8270","8270"
"fireside.ai","UNAVAILABLE","registration","2026-09-05 15:29:06","0","8270","8270"
"hearth.ai","UNAVAILABLE","registration","2026-09-05 15:29:06","0","8270","8270"
"hearthside.ai","UNAVAILABLE","registration","2026-09-05 15:29:06","0","8270","8270"
"hearthrug.ai","AVAILABLE","registration","2026-09-05 15:29:06","0","8270","8270"
"kindling.ai","UNAVAILABLE","registration","2026-09-05 15:29:06","0","8270","8270"
"ember.ai","UNAVAILABLE","registration","2026-09-05 15:29:06","0","8270","8270"
"embers.ai","UNAVAILABLE","registration","2026-09-05 15:29:06","0","8270","8270"
"emberglow.ai","UNAVAILABLE","registration","2026-09-05 15:29:06","0","8270","8270"
"cinder.ai","UNAVAILABLE","registration","2026-09-05 15:29:06","0","8270","8270"
"persimmon.ai","UNAVAILABLE","registration","2026-09-05 15:36:19","0","8270","8270"
"pawpaw.ai","UNAVAILABLE","registration","2026-09-05 15:36:19","0","8270","8270"
"papaya.ai","UNAVAILABLE","registration","2026-09-05 15:36:19","0","8270","8270"
"guava.ai","UNAVAILABLE","registration","2026-09-05 15:36:19","0","8270","8270"
"quince.ai","UNAVAILABLE","registration","2026-09-05 15:36:19","0","8270","8270"
"loquat.ai","UNAVAILABLE","registration","2026-09-05 15:36:19","0","8270","8270"
"kumquat.ai","UNAVAILABLE","registration","2026-09-05 15:36:19","0","8270","8270"
"apricot.ai","UNAVAILABLE","registration","2026-09-05 15:36:19","0","8270","8270"
"nectarine.ai","UNAVAILABLE","registration","2026-09-05 15:36:19","0","8270","8270"
"sweetness.ai","UNAVAILABLE","registration","2026-09-05 15:36:19","0","8270","8270"
"sweetly.ai","UNAVAILABLE","registration","2026-09-05 15:36:19","0","8270","8270"
"sweetpea.ai","UNAVAILABLE","registration","2026-09-05 15:36:19","0","8270","8270"
"honeypot.ai","UNAVAILABLE","registration","2026-09-05 15:36:19","0","8270","8270"
"honeybun.ai","UNAVAILABLE","registration","2026-09-05 15:36:19","0","8270","8270"
"honeybee.ai","UNAVAILABLE","registration","2026-09-05 15:36:19","0","8270","8270"
"honeycomb.ai","UNAVAILABLE","registration","2026-09-05 15:36:19","0","8270","8270"
"honeyed.ai","AVAILABLE","registration","2026-09-05 15:36:19","0","8270","8270"
"jammed.ai","AVAILABLE","registration","2026-09-05 15:36:19","0","8270","8270"
"jammies.ai","UNAVAILABLE","registration","2026-09-05 15:36:19","0","8270","8270"
"jammy.ai","UNAVAILABLE","registration","2026-09-05 15:36:19","0","8270","8270"
"jello.ai","UNAVAILABLE","registration","2026-09-05 15:36:19","0","8270","8270"
"jellies.ai","UNAVAILABLE","registration","2026-09-05 15:36:19","0","8270","8270"
"jellied.ai","AVAILABLE","registration","2026-09-05 15:36:19","0","8270","8270"
"jelly.ai","UNAVAILABLE","registration","2026-09-05 15:36:19","0","8270","8270"
"gumdrops.ai","UNAVAILABLE","registration","2026-09-05 15:36:19","0","8270","8270"
"gumdrop.ai","UNAVAILABLE","registration","2026-09-05 15:36:19","0","8270","8270"
"trifling.ai","AVAILABLE","registration","2026-09-05 15:36:19","0","8270","8270"
"trifles.ai","AVAILABLE","registration","2026-09-05 15:36:19","0","8270","8270"
"trifle.ai","UNAVAILABLE","registration","2026-09-05 15:36:19","0","8270","8270"
"taffy.ai","UNAVAILABLE","registration","2026-09-05 15:36:19","0","8270","8270"
"tidbits.ai","UNAVAILABLE","registration","2026-09-05 15:36:19","0","8270","8270"
"tidbit.ai","UNAVAILABLE","registration","2026-09-05 15:36:19","0","8270","8270"
"morsels.ai","AVAILABLE","registration","2026-09-05 15:36:19","0","8270","8270"
"morsel.ai","UNAVAILABLE","registration","2026-09-05 15:36:19","0","8270","8270"
"nubbin.ai","UNAVAILABLE","registration","2026-09-05 15:36:19","0","8270","8270"
"nubbins.ai","AVAILABLE","registration","2026-09-05 15:36:19","0","8270","8270"
"nibbler.ai","UNAVAILABLE","registration","2026-09-05 15:36:19","0","8270","8270"
"niblet.ai","UNAVAILABLE","registration","2026-09-05 15:36:19","0","8270","8270"
"nibbles.ai","UNAVAILABLE","registration","2026-09-05 15:36:19","0","8270","8270"
"nibble.ai","UNAVAILABLE","registration","2026-09-05 15:36:19","0","8270","8270"
"bonbons.ai","UNAVAILABLE","registration","2026-09-05 15:36:19","0","8270","8270"
"bonbon.ai","UNAVAILABLE","registration","2026-09-05 15:36:19","0","8270","8270"
"truffler.ai","UNAVAILABLE","registration","2026-09-05 15:36:19","0","8270","8270"
"truffles.ai","UNAVAILABLE","registration","2026-09-05 15:36:19","0","8270","8270"
"truffle.ai","UNAVAILABLE","registration","2026-09-05 15:36:19","0","8270","8270"
"dimpled.ai","AVAILABLE","registration","2026-09-05 15:36:19","0","8270","8270"
"dimply.ai","UNAVAILABLE","registration","2026-09-05 15:36:19","0","8270","8270"
"dimples.ai","UNAVAILABLE","registration","2026-09-05 15:36:19","0","8270","8270"
"dimple.ai","UNAVAILABLE","registration","2026-09-05 15:36:19","0","8270","8270"
"dumplings.ai","UNAVAILABLE","registration","2026-09-05 15:36:19","0","8270","8270"
"dumpling.ai","UNAVAILABLE","registration","2026-09-05 15:36:19","0","8270","8270"
"puddings.ai","AVAILABLE","registration","2026-09-05 15:36:19","0","8270","8270"
"pudding.ai","UNAVAILABLE","registration","2026-09-05 15:36:19","0","8270","8270"
"crumbles.ai","UNAVAILABLE","registration","2026-09-05 15:36:19","0","8270","8270"
"crumbly.ai","UNAVAILABLE","registration","2026-09-05 15:36:19","0","8270","8270"
"crumb.ai","UNAVAILABLE","registration","2026-09-05 15:36:19","0","8270","8270"
"crumbs.ai","UNAVAILABLE","registration","2026-09-05 15:36:19","0","8270","8270"
"croutons.ai","UNAVAILABLE","registration","2026-09-05 15:36:19","0","8270","8270"
"crouton.ai","UNAVAILABLE","registration","2026-09-05 15:36:19","0","8270","8270"
"sprinkles.ai","UNAVAILABLE","registration","2026-09-05 15:36:19","0","8270","8270"
"sprinkle.ai","UNAVAILABLE","registration","2026-09-05 15:36:19","0","8270","8270"
"drizzling.ai","UNAVAILABLE","registration","2026-09-05 15:36:19","0","8270","8270"
"drizzle.ai","UNAVAILABLE","registration","2026-09-05 15:36:19","0","8270","8270"
"dollops.ai","AVAILABLE","registration","2026-09-05 15:36:19","0","8270","8270"
"dollop.ai","UNAVAILABLE","registration","2026-09-05 15:36:19","0","8270","8270"
"molasses.ai","UNAVAILABLE","registration","2026-09-05 15:36:19","0","8270","8270"
"marmalade.ai","UNAVAILABLE","registration","2026-09-05 15:36:19","0","8270","8270"
"souffle.ai","UNAVAILABLE","registration","2026-09-05 15:36:19","0","8270","8270"
"syllable.ai","UNAVAILABLE","registration","2026-09-05 15:36:19","0","8270","8270"
"sorbet.ai","UNAVAILABLE","registration","2026-09-05 15:36:19","0","8270","8270"
"sherbet.ai","UNAVAILABLE","registration","2026-09-05 15:36:19","0","8270","8270"
"granita.ai","UNAVAILABLE","registration","2026-09-05 15:36:19","0","8270","8270"
"popcorn.ai","UNAVAILABLE","registration","2026-09-05 15:36:19","0","8270","8270"
"flapjack.ai","UNAVAILABLE","registration","2026-09-05 15:36:19","0","8270","8270"
"marzipan.ai","UNAVAILABLE","registration","2026-09-05 15:36:19","0","8270","8270"
"tapioca.ai","UNAVAILABLE","registration","2026-09-05 15:36:19","0","8270","8270"
"semolina.ai","AVAILABLE","registration","2026-09-05 15:36:19","0","8270","8270"
"orzo.ai","UNAVAILABLE","registration","2026-09-05 15:36:19","0","8270","8270"
"risotto.ai","UNAVAILABLE","registration","2026-09-05 15:36:19","0","8270","8270"
"pottage.ai","AVAILABLE","registration","2026-09-05 15:36:19","0","8270","8270"
"polenta.ai","UNAVAILABLE","registration","2026-09-05 15:36:19","0","8270","8270"
"porridge.ai","UNAVAILABLE","registration","2026-09-05 15:36:19","0","8270","8270"
"shortcake.ai","UNAVAILABLE","registration","2026-09-05 15:36:19","0","8270","8270"
"curd.ai","UNAVAILABLE","registration","2026-09-05 15:36:19","0","8270","8270"
"custard.ai","UNAVAILABLE","registration","2026-09-05 15:36:19","0","8270","8270"
"praline.ai","UNAVAILABLE","registration","2026-09-05 15:36:19","0","8270","8270"
"meringue.ai","UNAVAILABLE","registration","2026-09-05 15:36:19","0","8270","8270"
"nougat.ai","UNAVAILABLE","registration","2026-09-05 15:36:19","0","8270","8270"
"fudge.ai","UNAVAILABLE","registration","2026-09-05 15:36:19","0","8270","8270"
"toffee.ai","UNAVAILABLE","registration","2026-09-05 15:36:19","0","8270","8270"
"treacle.ai","UNAVAILABLE","registration","2026-09-05 15:36:19","0","8270","8270"
"butter.ai","UNAVAILABLE","registration","2026-09-05 15:36:19","0","8270","8270"
"buttery.ai","UNAVAILABLE","registration","2026-09-05 15:36:19","0","8270","8270"
"crumby.ai","UNAVAILABLE","registration","2026-09-05 15:36:19","0","8270","8270"
"crumble.ai","UNAVAILABLE","registration","2026-09-05 15:36:19","0","8270","8270"
"biscotti.ai","UNAVAILABLE","registration","2026-09-05 15:36:19","0","8270","8270"
"biscuit.ai","UNAVAILABLE","registration","2026-09-05 15:36:19","0","8270","8270"
"brioche.ai","UNAVAILABLE","registration","2026-09-05 15:36:19","0","8270","8270"
"scone.ai","UNAVAILABLE","registration","2026-09-05 15:36:19","0","8270","8270"
"jaunty.ai","UNAVAILABLE","registration","2026-09-05 15:36:01","0","8270","8270"
"wryly.ai","UNAVAILABLE","registration","2026-09-05 15:36:01","0","8270","8270"
"airily.ai","AVAILABLE","registration","2026-09-05 15:36:01","0","8270","8270"
"breezily.ai","UNAVAILABLE","registration","2026-09-05 15:36:01","0","8270","8270"
"breezy.ai","UNAVAILABLE","registration","2026-09-05 15:36:01","0","8270","8270"
"blithe.ai","UNAVAILABLE","registration","2026-09-05 15:36:01","0","8270","8270"
"blithely.ai","AVAILABLE","registration","2026-09-05 15:36:01","0","8270","8270"
"playful.ai","UNAVAILABLE","registration","2026-09-05 15:36:01","0","8270","8270"
"puckish.ai","AVAILABLE","registration","2026-09-05 15:36:01","0","8270","8270"
"impish.ai","UNAVAILABLE","registration","2026-09-05 15:36:01","0","8270","8270"
"droll.ai","UNAVAILABLE","registration","2026-09-05 15:36:01","0","8270","8270"
"drollery.ai","AVAILABLE","registration","2026-09-05 15:36:01","0","8270","8270"
"wry.ai","UNAVAILABLE","registration","2026-09-05 15:36:01","0","8270","8270"
"wily.ai","UNAVAILABLE","registration","2026-09-05 15:36:01","0","8270","8270"
"coyly.ai","AVAILABLE","registration","2026-09-05 15:36:01","0","8270","8270"
"curious.ai","UNAVAILABLE","registration","2026-09-05 15:36:01","0","8270","8270"
"oddly.ai","UNAVAILABLE","registration","2026-09-05 15:36:01","0","8270","8270"
"oddity.ai","UNAVAILABLE","registration","2026-09-05 15:36:01","0","8270","8270"
"quirky.ai","UNAVAILABLE","registration","2026-09-05 15:36:01","0","8270","8270"
"quirk.ai","UNAVAILABLE","registration","2026-09-05 15:36:01","0","8270","8270"
"quibble.ai","UNAVAILABLE","registration","2026-09-05 15:36:01","0","8270","8270"
"quibbler.ai","UNAVAILABLE","registration","2026-09-05 15:36:01","0","8270","8270"
"quip.ai","UNAVAILABLE","registration","2026-09-05 15:36:01","0","8270","8270"
"quippy.ai","UNAVAILABLE","registration","2026-09-05 15:36:01","0","8270","8270"
"quipping.ai","AVAILABLE","registration","2026-09-05 15:36:01","0","8270","8270"
"wit.ai","UNAVAILABLE","registration","2026-09-05 15:36:01","0","8270","8270"
"witty.ai","UNAVAILABLE","registration","2026-09-05 15:36:01","0","8270","8270"
"wittily.ai","AVAILABLE","registration","2026-09-05 15:36:01","0","8270","8270"
"whimsyful.ai","AVAILABLE","registration","2026-09-05 15:36:01","0","8270","8270"
"winsome.ai","UNAVAILABLE","registration","2026-09-05 15:36:01","0","8270","8270"
"perky.ai","UNAVAILABLE","registration","2026-09-05 15:36:01","0","8270","8270"
"perkily.ai","AVAILABLE","registration","2026-09-05 15:36:01","0","8270","8270"
"cheeky.ai","UNAVAILABLE","registration","2026-09-05 15:36:01","0","8270","8270"
"cheery.ai","UNAVAILABLE","registration","2026-09-05 15:36:01","0","8270","8270"
"cheerily.ai","AVAILABLE","registration","2026-09-05 15:36:01","0","8270","8270"
"chirpy.ai","UNAVAILABLE","registration","2026-09-05 15:36:01","0","8270","8270"
"chirr.ai","AVAILABLE","registration","2026-09-05 15:36:01","0","8270","8270"
"chirrup.ai","UNAVAILABLE","registration","2026-09-05 15:36:01","0","8270","8270"
"chirrupy.ai","AVAILABLE","registration","2026-09-05 15:36:01","0","8270","8270"
"chirping.ai","UNAVAILABLE","registration","2026-09-05 15:36:01","0","8270","8270"
"peppy.ai","UNAVAILABLE","registration","2026-09-05 15:36:01","0","8270","8270"
"spry.ai","UNAVAILABLE","registration","2026-09-05 15:36:01","0","8270","8270"
"sprightly.ai","UNAVAILABLE","registration","2026-09-05 15:36:01","0","8270","8270"
"lively.ai","UNAVAILABLE","registration","2026-09-05 15:36:01","0","8270","8270"
"livelier.ai","AVAILABLE","registration","2026-09-05 15:36:01","0","8270","8270"
"merrily.ai","UNAVAILABLE","registration","2026-09-05 15:36:01","0","8270","8270"
"merry.ai","UNAVAILABLE","registration","2026-09-05 15:36:01","0","8270","8270"
"mirth.ai","UNAVAILABLE","registration","2026-09-05 15:36:01","0","8270","8270"
"mirthful.ai","UNAVAILABLE","registration","2026-09-05 15:36:01","0","8270","8270"
"jolly.ai","UNAVAILABLE","registration","2026-09-05 15:36:01","0","8270","8270"
"jollity.ai","UNAVAILABLE","registration","2026-09-05 15:36:01","0","8270","8270"
"jollily.ai","AVAILABLE","registration","2026-09-05 15:36:01","0","8270","8270"
"jovial.ai","UNAVAILABLE","registration","2026-09-05 15:36:01","0","8270","8270"
"jovially.ai","AVAILABLE","registration","2026-09-05 15:36:01","0","8270","8270"
"sassy.ai","UNAVAILABLE","registration","2026-09-05 15:36:01","0","8270","8270"
"sassily.ai","AVAILABLE","registration","2026-09-05 15:36:01","0","8270","8270"
"feisty.ai","UNAVAILABLE","registration","2026-09-05 15:36:01","0","8270","8270"
"spunky.ai","UNAVAILABLE","registration","2026-09-05 15:36:01","0","8270","8270"
"feistier.ai","AVAILABLE","registration","2026-09-05 15:36:01","0","8270","8270"
"spiffy.ai","UNAVAILABLE","registration","2026-09-05 15:36:01","0","8270","8270"
"spiff.ai","UNAVAILABLE","registration","2026-09-05 15:36:01","0","8270","8270"
"spiffing.ai","AVAILABLE","registration","2026-09-05 15:36:01","0","8270","8270"
"nifty.ai","UNAVAILABLE","registration","2026-09-05 15:36:01","0","8270","8270"
"niftier.ai","UNAVAILABLE","registration","2026-09-05 15:36:01","0","8270","8270"
"natty.ai","UNAVAILABLE","registration","2026-09-05 15:36:01","0","8270","8270"
"nattier.ai","AVAILABLE","registration","2026-09-05 15:36:01","0","8270","8270"
"nimbly.ai","UNAVAILABLE","registration","2026-09-05 15:36:01","0","8270","8270"
"dainty.ai","UNAVAILABLE","registration","2026-09-05 15:36:01","0","8270","8270"
"daintily.ai","AVAILABLE","registration","2026-09-05 15:36:01","0","8270","8270"
"dapper.ai","UNAVAILABLE","registration","2026-09-05 15:36:01","0","8270","8270"
"dapperly.ai","UNAVAILABLE","registration","2026-09-05 15:36:01","0","8270","8270"
"dandy.ai","UNAVAILABLE","registration","2026-09-05 15:36:01","0","8270","8270"
"dandily.ai","AVAILABLE","registration","2026-09-05 15:36:01","0","8270","8270"
"snug.ai","UNAVAILABLE","registration","2026-09-05 15:36:01","0","8270","8270"
"snuggly.ai","UNAVAILABLE","registration","2026-09-05 15:36:01","0","8270","8270"
"cosy.ai","UNAVAILABLE","registration","2026-09-05 15:36:01","0","8270","8270"
"cozy.ai","UNAVAILABLE","registration","2026-09-05 15:36:01","0","8270","8270"
"cozily.ai","UNAVAILABLE","registration","2026-09-05 15:36:01","0","8270","8270"
"cozying.ai","UNAVAILABLE","registration","2026-09-05 15:36:01","0","8270","8270"
"cuddly.ai","UNAVAILABLE","registration","2026-09-05 15:36:01","0","8270","8270"
"cuddles.ai","UNAVAILABLE","registration","2026-09-05 15:36:01","0","8270","8270"
"cuddling.ai","UNAVAILABLE","registration","2026-09-05 15:36:01","0","8270","8270"
"fluffy.ai","UNAVAILABLE","registration","2026-09-05 15:36:01","0","8270","8270"
"fluffily.ai","AVAILABLE","registration","2026-09-05 15:36:01","0","8270","8270"
"puffy.ai","UNAVAILABLE","registration","2026-09-05 15:36:01","0","8270","8270"
"puffily.ai","AVAILABLE","registration","2026-09-05 15:36:01","0","8270","8270"
"puffball.ai","UNAVAILABLE","registration","2026-09-05 15:36:01","0","8270","8270"
"puffballs.ai","AVAILABLE","registration","2026-09-05 15:36:01","0","8270","8270"
"puffery.ai","AVAILABLE","registration","2026-09-05 15:36:01","0","8270","8270"
"puffling.ai","UNAVAILABLE","registration","2026-09-05 15:36:01","0","8270","8270"
"peep.ai","UNAVAILABLE","registration","2026-09-05 15:36:01","0","8270","8270"
"peek.ai","UNAVAILABLE","registration","2026-09-05 15:36:01","0","8270","8270"
"peeking.ai","UNAVAILABLE","registration","2026-09-05 15:36:01","0","8270","8270"
"peeper.ai","UNAVAILABLE","registration","2026-09-05 15:36:01","0","8270","8270"
"peephole.ai","UNAVAILABLE","registration","2026-09-05 15:36:01","0","8270","8270"
"porthole.ai","UNAVAILABLE","registration","2026-09-05 15:36:01","0","8270","8270"
"spyglass.ai","UNAVAILABLE","registration","2026-09-05 15:36:01","0","8270","8270"
"lookout.ai","UNAVAILABLE","registration","2026-09-05 15:36:01","0","8270","8270"
"looksee.ai","UNAVAILABLE","registration","2026-09-05 15:36:01","0","8270","8270"
"looker.ai","UNAVAILABLE","registration","2026-09-05 15:36:01","0","8270","8270"
"onlooker.ai","UNAVAILABLE","registration","2026-09-05 15:37:06","0","8270","8270"
"keyhole.ai","UNAVAILABLE","registration","2026-09-05 15:37:06","0","8270","8270"
"skylight.ai","UNAVAILABLE","registration","2026-09-05 15:37:06","0","8270","8270"
"sunroom.ai","UNAVAILABLE","registration","2026-09-05 15:37:06","0","8270","8270"
"windchime.ai","UNAVAILABLE","registration","2026-09-05 15:37:06","0","8270","8270"
"windup.ai","UNAVAILABLE","registration","2026-09-05 15:37:06","0","8270","8270"
"windmill.ai","UNAVAILABLE","registration","2026-09-05 15:37:06","0","8270","8270"
"pinwheel.ai","UNAVAILABLE","registration","2026-09-05 15:37:06","0","8270","8270"
"whirligig.ai","UNAVAILABLE","registration","2026-09-05 15:37:06","0","8270","8270"
"whirly.ai","UNAVAILABLE","registration","2026-09-05 15:37:06","0","8270","8270"
"whirling.ai","UNAVAILABLE","registration","2026-09-05 15:37:06","0","8270","8270"
"gleeful.ai","UNAVAILABLE","registration","2026-09-05 15:37:06","0","8270","8270"
"gleefully.ai","AVAILABLE","registration","2026-09-05 15:37:06","0","8270","8270"
"giddy.ai","UNAVAILABLE","registration","2026-09-05 15:37:06","0","8270","8270"
"giddily.ai","AVAILABLE","registration","2026-09-05 15:37:06","0","8270","8270"
"giggly.ai","UNAVAILABLE","registration","2026-09-05 15:37:06","0","8270","8270"
"giggle.ai","UNAVAILABLE","registration","2026-09-05 15:37:06","0","8270","8270"
"giggling.ai","UNAVAILABLE","registration","2026-09-05 15:37:06","0","8270","8270"
"giggler.ai","UNAVAILABLE","registration","2026-09-05 15:37:06","0","8270","8270"
"twiddly.ai","UNAVAILABLE","registration","2026-09-05 15:37:06","0","8270","8270"
"twiddler.ai","UNAVAILABLE","registration","2026-09-05 15:37:06","0","8270","8270"
"twiddling.ai","AVAILABLE","registration","2026-09-05 15:37:06","0","8270","8270"
"waggish.ai","AVAILABLE","registration","2026-09-05 15:37:06","0","8270","8270"
"waggle.ai","UNAVAILABLE","registration","2026-09-05 15:37:06","0","8270","8270"
"waggly.ai","UNAVAILABLE","registration","2026-09-05 15:37:06","0","8270","8270"
"wiggly.ai","UNAVAILABLE","registration","2026-09-05 15:37:06","0","8270","8270"
"wriggly.ai","AVAILABLE","registration","2026-09-05 15:37:06","0","8270","8270"
"wriggler.ai","AVAILABLE","registration","2026-09-05 15:37:06","0","8270","8270"
"nuthatch.ai","UNAVAILABLE","registration","2026-09-05 15:37:06","0","8270","8270"
"waxwing.ai","UNAVAILABLE","registration","2026-09-05 15:37:06","0","8270","8270"
"wagtail.ai","UNAVAILABLE","registration","2026-09-05 15:37:06","0","8270","8270"
"cuckoo.ai","UNAVAILABLE","registration","2026-09-05 15:37:06","0","8270","8270"
"peewit.ai","AVAILABLE","registration","2026-09-05 15:37:06","0","8270","8270"
"peewee.ai","UNAVAILABLE","registration","2026-09-05 15:37:06","0","8270","8270"
"wren.ai","UNAVAILABLE","registration","2026-09-05 15:37:06","0","8270","8270"
"humming.ai","UNAVAILABLE","registration","2026-09-05 15:37:06","0","8270","8270"
"blackcap.ai","UNAVAILABLE","registration","2026-09-05 15:37:06","0","8270","8270"
"beech.ai","UNAVAILABLE","registration","2026-09-05 15:37:06","0","8270","8270"
"beechnut.ai","AVAILABLE","registration","2026-09-05 15:37:06","0","8270","8270"
"hazelnut.ai","UNAVAILABLE","registration","2026-09-05 15:37:06","0","8270","8270"
"chestnut.ai","UNAVAILABLE","registration","2026-09-05 15:37:06","0","8270","8270"
"acorn.ai","UNAVAILABLE","registration","2026-09-05 15:37:06","0","8270","8270"
"hazel.ai","UNAVAILABLE","registration","2026-09-05 15:37:06","0","8270","8270"
"nutmeg.ai","UNAVAILABLE","registration","2026-09-05 15:37:06","0","8270","8270"
"mynah.ai","UNAVAILABLE","registration","2026-09-05 15:37:06","0","8270","8270"
"myna.ai","UNAVAILABLE","registration","2026-09-05 15:37:06","0","8270","8270"
"songbird.ai","UNAVAILABLE","registration","2026-09-05 15:37:06","0","8270","8270"
"jackdaw.ai","UNAVAILABLE","registration","2026-09-05 15:37:06","0","8270","8270"
"magpie.ai","UNAVAILABLE","registration","2026-09-05 15:37:06","0","8270","8270"
"jaybird.ai","UNAVAILABLE","registration","2026-09-05 15:37:06","0","8270","8270"
"sparrow.ai","UNAVAILABLE","registration","2026-09-05 15:37:06","0","8270","8270"
"swallow.ai","UNAVAILABLE","registration","2026-09-05 15:37:06","0","8270","8270"
"swift.ai","UNAVAILABLE","registration","2026-09-05 15:37:06","0","8270","8270"
"swiftlet.ai","UNAVAILABLE","registration","2026-09-05 15:37:06","0","8270","8270"
"warbler.ai","UNAVAILABLE","registration","2026-09-05 15:37:06","0","8270","8270"
"wagtails.ai","AVAILABLE","registration","2026-09-05 15:37:06","0","8270","8270"
"kinglet.ai","UNAVAILABLE","registration","2026-09-05 15:37:06","0","8270","8270"
"redpoll.ai","UNAVAILABLE","registration","2026-09-05 15:37:06","0","8270","8270"
"crossbill.ai","UNAVAILABLE","registration","2026-09-05 15:37:06","0","8270","8270"
"dotterel.ai","AVAILABLE","registration","2026-09-05 15:37:06","0","8270","8270"
"godwit.ai","UNAVAILABLE","registration","2026-09-05 15:37:06","0","8270","8270"
"bluebird.ai","UNAVAILABLE","registration","2026-09-05 15:37:06","0","8270","8270"
"blackbird.ai","UNAVAILABLE","registration","2026-09-05 15:37:06","0","8270","8270"
"tealight.ai","UNAVAILABLE","registration","2026-09-05 15:37:06","0","8270","8270"
"coot.ai","UNAVAILABLE","registration","2026-09-05 15:37:06","0","8270","8270"
"moorhen.ai","AVAILABLE","registration","2026-09-05 15:37:06","0","8270","8270"
"bunting.ai","UNAVAILABLE","registration","2026-09-05 15:37:06","0","8270","8270"
"goldcrest.ai","UNAVAILABLE","registration","2026-09-05 15:37:06","0","8270","8270"
"firecrest.ai","UNAVAILABLE","registration","2026-09-05 15:37:06","0","8270","8270"
"chaffinch.ai","UNAVAILABLE","registration","2026-09-05 15:37:06","0","8270","8270"
"bullfinch.ai","UNAVAILABLE","registration","2026-09-05 15:37:06","0","8270","8270"
"finch.ai","UNAVAILABLE","registration","2026-09-05 15:37:06","0","8270","8270"
"finches.ai","UNAVAILABLE","registration","2026-09-05 15:37:06","0","8270","8270"
"firkin.ai","UNAVAILABLE","registration","2026-09-05 15:37:06","0","8270","8270"
"furrow.ai","UNAVAILABLE","registration","2026-09-05 15:37:06","0","8270","8270"
"furlong.ai","UNAVAILABLE","registration","2026-09-05 15:37:06","0","8270","8270"
"farthing.ai","UNAVAILABLE","registration","2026-09-05 15:37:06","0","8270","8270"
"faraway.ai","UNAVAILABLE","registration","2026-09-05 15:37:06","0","8270","8270"
"nearish.ai","AVAILABLE","registration","2026-09-05 15:37:06","0","8270","8270"
"nearby.ai","UNAVAILABLE","registration","2026-09-05 15:37:06","0","8270","8270"
"afar.ai","UNAVAILABLE","registration","2026-09-05 15:37:06","0","8270","8270"
"yesteryear.ai","UNAVAILABLE","registration","2026-09-05 15:37:06","0","8270","8270"
"yestereve.ai","AVAILABLE","registration","2026-09-05 15:37:06","0","8270","8270"
"erstwhile.ai","AVAILABLE","registration","2026-09-05 15:37:06","0","8270","8270"
"sometime.ai","UNAVAILABLE","registration","2026-09-05 15:37:06","0","8270","8270"
"hither.ai","UNAVAILABLE","registration","2026-09-05 15:37:06","0","8270","8270"
"hence.ai","UNAVAILABLE","registration","2026-09-05 15:37:06","0","8270","8270"
"henceforth.ai","UNAVAILABLE","registration","2026-09-05 15:37:06","0","8270","8270"
"haply.ai","UNAVAILABLE","registration","2026-09-05 15:37:06","0","8270","8270"
"hapless.ai","UNAVAILABLE","registration","2026-09-05 15:37:06","0","8270","8270"
"happy.ai","UNAVAILABLE","registration","2026-09-05 15:37:06","0","8270","8270"
"glad.ai","UNAVAILABLE","registration","2026-09-05 15:37:06","0","8270","8270"
"gladsome.ai","AVAILABLE","registration","2026-09-05 15:37:06","0","8270","8270"
"gladly.ai","UNAVAILABLE","registration","2026-09-05 15:37:06","0","8270","8270"
"gladness.ai","UNAVAILABLE","registration","2026-09-05 15:37:06","0","8270","8270"
"aplomb.ai","UNAVAILABLE","registration","2026-09-05 15:37:06","0","8270","8270"
"verve.ai","UNAVAILABLE","registration","2026-09-05 15:37:06","0","8270","8270"
"fervor.ai","UNAVAILABLE","registration","2026-09-05 15:37:06","0","8270","8270"
"fervour.ai","UNAVAILABLE","registration","2026-09-05 15:37:06","0","8270","8270"
"ardor.ai","UNAVAILABLE","registration","2026-09-05 15:37:06","0","8270","8270"
"outward.ai","UNAVAILABLE","registration","2026-09-05 15:38:26","0","8270","8270"
"innermost.ai","UNAVAILABLE","registration","2026-09-05 15:38:26","0","8270","8270"
"within.ai","UNAVAILABLE","registration","2026-09-05 15:38:26","0","8270","8270"
"beneath.ai","UNAVAILABLE","registration","2026-09-05 15:38:26","0","8270","8270"
"underlay.ai","UNAVAILABLE","registration","2026-09-05 15:38:26","0","8270","8270"
"underside.ai","UNAVAILABLE","registration","2026-09-05 15:38:26","0","8270","8270"
"underlit.ai","AVAILABLE","registration","2026-09-05 15:38:26","0","8270","8270"
"overlook.ai","UNAVAILABLE","registration","2026-09-05 15:38:26","0","8270","8270"
"foresight.ai","UNAVAILABLE","registration","2026-09-05 15:38:26","0","8270","8270"
"hindsight.ai","UNAVAILABLE","registration","2026-09-05 15:38:26","0","8270","8270"
"sleuth.ai","UNAVAILABLE","registration","2026-09-05 15:38:26","0","8270","8270"
"reveal.ai","UNAVAILABLE","registration","2026-09-05 15:38:26","0","8270","8270"
"revealer.ai","UNAVAILABLE","registration","2026-09-05 15:38:26","0","8270","8270"
"disclose.ai","UNAVAILABLE","registration","2026-09-05 15:38:26","0","8270","8270"
"disclosure.ai","UNAVAILABLE","registration","2026-09-05 15:38:26","0","8270","8270"
"untell.ai","AVAILABLE","registration","2026-09-05 15:38:26","0","8270","8270"
"latent.ai","UNAVAILABLE","registration","2026-09-05 15:38:26","0","8270","8270"
"latently.ai","UNAVAILABLE","registration","2026-09-05 15:38:26","0","8270","8270"
"tacitly.ai","UNAVAILABLE","registration","2026-09-05 15:38:26","0","8270","8270"
"unvoiced.ai","UNAVAILABLE","registration","2026-09-05 15:38:26","0","8270","8270"
"voicing.ai","UNAVAILABLE","registration","2026-09-05 15:38:26","0","8270","8270"
"unsay.ai","UNAVAILABLE","registration","2026-09-05 15:38:26","0","8270","8270"
"retold.ai","UNAVAILABLE","registration","2026-09-05 15:38:26","0","8270","8270"
"relit.ai","UNAVAILABLE","registration","2026-09-05 15:38:26","0","8270","8270"
"recasting.ai","UNAVAILABLE","registration","2026-09-05 15:38:26","0","8270","8270"
"inflected.ai","UNAVAILABLE","registration","2026-09-05 15:38:26","0","8270","8270"
"inflects.ai","AVAILABLE","registration","2026-09-05 15:38:26","0","8270","8270"
"incline.ai","UNAVAILABLE","registration","2026-09-05 15:38:26","0","8270","8270"
"inclined.ai","UNAVAILABLE","registration","2026-09-05 15:38:26","0","8270","8270"
"intone.ai","UNAVAILABLE","registration","2026-09-05 15:38:26","0","8270","8270"
"intoned.ai","AVAILABLE","registration","2026-09-05 15:38:26","0","8270","8270"
"attuned.ai","UNAVAILABLE","registration","2026-09-05 15:38:26","0","8270","8270"
"detune.ai","AVAILABLE","registration","2026-09-05 15:38:26","0","8270","8270"
"tunable.ai","UNAVAILABLE","registration","2026-09-05 15:38:26","0","8270","8270"
"tuneful.ai","UNAVAILABLE","registration","2026-09-05 15:38:26","0","8270","8270"
"tuner.ai","UNAVAILABLE","registration","2026-09-05 15:38:26","0","8270","8270"
"undertow.ai","UNAVAILABLE","registration","2026-09-05 15:38:26","0","8270","8270"
"undergo.ai","UNAVAILABLE","registration","2026-09-05 15:38:26","0","8270","8270"
"underglow.ai","UNAVAILABLE","registration","2026-09-05 15:38:26","0","8270","8270"
"interlay.ai","UNAVAILABLE","registration","2026-09-05 15:38:26","0","8270","8270"
"interlap.ai","AVAILABLE","registration","2026-09-05 15:38:26","0","8270","8270"
"intermix.ai","UNAVAILABLE","registration","2026-09-05 15:38:26","0","8270","8270"
"interplay.ai","UNAVAILABLE","registration","2026-09-05 15:38:26","0","8270","8270"
"innerly.ai","UNAVAILABLE","registration","2026-09-05 15:38:26","0","8270","8270"
"outmost.ai","UNAVAILABLE","registration","2026-09-05 15:38:26","0","8270","8270"
"outlier.ai","UNAVAILABLE","registration","2026-09-05 15:38:26","0","8270","8270"
"outliers.ai","UNAVAILABLE","registration","2026-09-05 15:38:26","0","8270","8270"
"outcrop.ai","UNAVAILABLE","registration","2026-09-05 15:38:26","0","8270","8270"
"outcrops.ai","AVAILABLE","registration","2026-09-05 15:38:26","0","8270","8270"
"offcut.ai","UNAVAILABLE","registration","2026-09-05 15:38:26","0","8270","8270"
"offcuts.ai","AVAILABLE","registration","2026-09-05 15:38:26","0","8270","8270"
"cutaway.ai","UNAVAILABLE","registration","2026-09-05 15:38:26","0","8270","8270"
"cutout.ai","UNAVAILABLE","registration","2026-09-05 15:38:26","0","8270","8270"
"cutline.ai","UNAVAILABLE","registration","2026-09-05 15:38:26","0","8270","8270"
"cutback.ai","UNAVAILABLE","registration","2026-09-05 15:38:26","0","8270","8270"
"cutwork.ai","AVAILABLE","registration","2026-09-05 15:38:26","0","8270","8270"
"crosscut.ai","UNAVAILABLE","registration","2026-09-05 15:38:26","0","8270","8270"
"crossway.ai","UNAVAILABLE","registration","2026-09-05 15:38:26","0","8270","8270"
"crossways.ai","UNAVAILABLE","registration","2026-09-05 15:38:26","0","8270","8270"
"crosswind.ai","UNAVAILABLE","registration","2026-09-05 15:38:26","0","8270","8270"
"sidewind.ai","UNAVAILABLE","registration","2026-09-05 15:38:26","0","8270","8270"
"sidelight.ai","UNAVAILABLE","registration","2026-09-05 15:38:26","0","8270","8270"
"sidewise.ai","UNAVAILABLE","registration","2026-09-05 15:38:26","0","8270","8270"
"sideways.ai","UNAVAILABLE","registration","2026-09-05 15:38:26","0","8270","8270"
"edgewise.ai","UNAVAILABLE","registration","2026-09-05 15:38:26","0","8270","8270"
"endwise.ai","AVAILABLE","registration","2026-09-05 15:38:26","0","8270","8270"
"insightfully.ai","UNAVAILABLE","registration","2026-09-05 15:38:26","0","8270","8270"
"openwork.ai","UNAVAILABLE","registration","2026-09-05 15:38:26","0","8270","8270"
"openmind.ai","UNAVAILABLE","registration","2026-09-05 15:38:26","0","8270","8270"
"openminded.ai","UNAVAILABLE","registration","2026-09-05 15:38:26","0","8270","8270"
"openhand.ai","UNAVAILABLE","registration","2026-09-05 15:38:26","0","8270","8270"
"unfold.ai","UNAVAILABLE","registration","2026-09-05 15:38:26","0","8270","8270"
"unfolding.ai","UNAVAILABLE","registration","2026-09-05 15:38:26","0","8270","8270"
"unfolded.ai","UNAVAILABLE","registration","2026-09-05 15:38:26","0","8270","8270"
"unrolled.ai","AVAILABLE","registration","2026-09-05 15:38:26","0","8270","8270"
"uncoiled.ai","AVAILABLE","registration","2026-09-05 15:38:26","0","8270","8270"
"unlaced.ai","AVAILABLE","registration","2026-09-05 15:38:26","0","8270","8270"
"untwisted.ai","AVAILABLE","registration","2026-09-05 15:38:26","0","8270","8270"
"unwoven.ai","UNAVAILABLE","registration","2026-09-05 15:38:26","0","8270","8270"
"unweft.ai","AVAILABLE","registration","2026-09-05 15:38:26","0","8270","8270"
"unpicking.ai","AVAILABLE","registration","2026-09-05 15:38:26","0","8270","8270"
"unpicked.ai","UNAVAILABLE","registration","2026-09-05 15:38:26","0","8270","8270"
"unspooled.ai","AVAILABLE","registration","2026-09-05 15:38:26","0","8270","8270"
"unraveled.ai","UNAVAILABLE","registration","2026-09-05 15:38:26","0","8270","8270"
"unravelled.ai","UNAVAILABLE","registration","2026-09-05 15:38:26","0","8270","8270"
"unknotted.ai","UNAVAILABLE","registration","2026-09-05 15:38:26","0","8270","8270"
"unwinding.ai","UNAVAILABLE","registration","2026-09-05 15:38:26","0","8270","8270"
"unwound.ai","UNAVAILABLE","registration","2026-09-05 15:38:26","0","8270","8270"
"unmuffle.ai","AVAILABLE","registration","2026-09-05 15:38:26","0","8270","8270"
"unmuffled.ai","AVAILABLE","registration","2026-09-05 15:38:26","0","8270","8270"
"unfazed.ai","UNAVAILABLE","registration","2026-09-05 15:38:26","0","8270","8270"
"unruffled.ai","AVAILABLE","registration","2026-09-05 15:38:26","0","8270","8270"
"unhushed.ai","AVAILABLE","registration","2026-09-05 15:38:26","0","8270","8270"
"uncloak.ai","UNAVAILABLE","registration","2026-09-05 15:38:26","0","8270","8270"
"uncloaked.ai","UNAVAILABLE","registration","2026-09-05 15:38:26","0","8270","8270"
"unveiled.ai","UNAVAILABLE","registration","2026-09-05 15:38:26","0","8270","8270"
"unveiling.ai","UNAVAILABLE","registration","2026-09-05 15:38:26","0","8270","8270"
"unclasp.ai","AVAILABLE","registration","2026-09-05 15:38:26","0","8270","8270"
"unclasped.ai","AVAILABLE","registration","2026-09-05 15:38:26","0","8270","8270"
"unlock.ai","UNAVAILABLE","registration","2026-09-05 15:38:26","0","8270","8270"
"unlocked.ai","UNAVAILABLE","registration","2026-09-05 15:39:16","0","8270","8270"
"unlatch.ai","UNAVAILABLE","registration","2026-09-05 15:39:16","0","8270","8270"
"unlatched.ai","AVAILABLE","registration","2026-09-05 15:39:16","0","8270","8270"
"unseal.ai","UNAVAILABLE","registration","2026-09-05 15:39:16","0","8270","8270"
"unsealed.ai","UNAVAILABLE","registration","2026-09-05 15:39:16","0","8270","8270"
"unstitch.ai","UNAVAILABLE","registration","2026-09-05 15:39:16","0","8270","8270"
"unstitched.ai","AVAILABLE","registration","2026-09-05 15:39:16","0","8270","8270"
"undoing.ai","UNAVAILABLE","registration","2026-09-05 15:39:16","0","8270","8270"
"undone.ai","UNAVAILABLE","registration","2026-09-05 15:39:16","0","8270","8270"
"unbound.ai","UNAVAILABLE","registration","2026-09-05 15:39:16","0","8270","8270"
"unfurled.ai","UNAVAILABLE","registration","2026-09-05 15:39:16","0","8270","8270"
"unfetter.ai","UNAVAILABLE","registration","2026-09-05 15:39:16","0","8270","8270"
"unfettered.ai","UNAVAILABLE","registration","2026-09-05 15:39:16","0","8270","8270"
"rethink.ai","UNAVAILABLE","registration","2026-09-05 15:39:16","0","8270","8270"
"rethought.ai","UNAVAILABLE","registration","2026-09-05 15:39:16","0","8270","8270"
"reframed.ai","UNAVAILABLE","registration","2026-09-05 15:39:16","0","8270","8270"
"rework.ai","UNAVAILABLE","registration","2026-09-05 15:39:16","0","8270","8270"
"reworked.ai","UNAVAILABLE","registration","2026-09-05 15:39:16","0","8270","8270"
"remold.ai","UNAVAILABLE","registration","2026-09-05 15:39:16","0","8270","8270"
"remould.ai","AVAILABLE","registration","2026-09-05 15:39:16","0","8270","8270"
"reshape.ai","UNAVAILABLE","registration","2026-09-05 15:39:16","0","8270","8270"
"reshaped.ai","UNAVAILABLE","registration","2026-09-05 15:39:16","0","8270","8270"
"reshaper.ai","UNAVAILABLE","registration","2026-09-05 15:39:16","0","8270","8270"
"recode.ai","UNAVAILABLE","registration","2026-09-05 15:39:16","0","8270","8270"
"recoded.ai","UNAVAILABLE","registration","2026-09-05 15:39:16","0","8270","8270"
"rewired.ai","UNAVAILABLE","registration","2026-09-05 15:39:16","0","8270","8270"
"rewire.ai","UNAVAILABLE","registration","2026-09-05 15:39:16","0","8270","8270"
"rewoven.ai","UNAVAILABLE","registration","2026-09-05 15:39:16","0","8270","8270"
"refitted.ai","AVAILABLE","registration","2026-09-05 15:39:16","0","8270","8270"
"refolded.ai","AVAILABLE","registration","2026-09-05 15:39:16","0","8270","8270"
"refocus.ai","UNAVAILABLE","registration","2026-09-05 15:39:16","0","8270","8270"
"refocused.ai","UNAVAILABLE","registration","2026-09-05 15:39:16","0","8270","8270"
"readjust.ai","UNAVAILABLE","registration","2026-09-05 15:39:16","0","8270","8270"
"realign.ai","UNAVAILABLE","registration","2026-09-05 15:39:16","0","8270","8270"
"realigned.ai","UNAVAILABLE","registration","2026-09-05 15:39:16","0","8270","8270"
"reorder.ai","UNAVAILABLE","registration","2026-09-05 15:39:16","0","8270","8270"
"retint.ai","AVAILABLE","registration","2026-09-05 15:39:16","0","8270","8270"
"reroute.ai","UNAVAILABLE","registration","2026-09-05 15:39:16","0","8270","8270"
"rerouted.ai","UNAVAILABLE","registration","2026-09-05 15:39:16","0","8270","8270"
"retrace.ai","UNAVAILABLE","registration","2026-09-05 15:39:16","0","8270","8270"
"retraced.ai","UNAVAILABLE","registration","2026-09-05 15:39:16","0","8270","8270"
"retracing.ai","AVAILABLE","registration","2026-09-05 15:39:16","0","8270","8270"
"redirect.ai","UNAVAILABLE","registration","2026-09-05 15:39:16","0","8270","8270"
"reorient.ai","UNAVAILABLE","registration","2026-09-05 15:39:16","0","8270","8270"
"reoriented.ai","AVAILABLE","registration","2026-09-05 15:39:16","0","8270","8270"
"rethinker.ai","UNAVAILABLE","registration","2026-09-05 15:39:16","0","8270","8270"
"rethinks.ai","AVAILABLE","registration","2026-09-05 15:39:16","0","8270","8270"
"tinting.ai","UNAVAILABLE","registration","2026-09-05 15:39:16","0","8270","8270"
"tint.ai","UNAVAILABLE","registration","2026-09-05 15:39:16","0","8270","8270"
"shade.ai","UNAVAILABLE","registration","2026-09-05 15:39:16","0","8270","8270"
"shading.ai","UNAVAILABLE","registration","2026-09-05 15:39:16","0","8270","8270"
"shaded.ai","UNAVAILABLE","registration","2026-09-05 15:39:16","0","8270","8270"
"tone.ai","UNAVAILABLE","registration","2026-09-05 15:39:16","0","8270","8270"
"toned.ai","UNAVAILABLE","registration","2026-09-05 15:39:16","0","8270","8270"
"temper.ai","UNAVAILABLE","registration","2026-09-05 15:39:16","0","8270","8270"
"tempering.ai","UNAVAILABLE","registration","2026-09-05 15:39:16","0","8270","8270"
"tamber.ai","UNAVAILABLE","registration","2026-09-05 15:39:16","0","8270","8270"
"telltale.ai","UNAVAILABLE","registration","2026-09-05 15:39:16","0","8270","8270"
"tattler.ai","UNAVAILABLE","registration","2026-09-05 15:39:16","0","8270","8270"
"tellable.ai","UNAVAILABLE","registration","2026-09-05 15:39:16","0","8270","8270"
"legible.ai","UNAVAILABLE","registration","2026-09-05 15:39:16","0","8270","8270"
"legibly.ai","UNAVAILABLE","registration","2026-09-05 15:39:16","0","8270","8270"
"readable.ai","UNAVAILABLE","registration","2026-09-05 15:39:16","0","8270","8270"
"readably.ai","UNAVAILABLE","registration","2026-09-05 15:39:16","0","8270","8270"
"seeable.ai","UNAVAILABLE","registration","2026-09-05 15:39:16","0","8270","8270"
"viewable.ai","UNAVAILABLE","registration","2026-09-05 15:39:16","0","8270","8270"
"viewless.ai","UNAVAILABLE","registration","2026-09-05 15:39:16","0","8270","8270"
"viewed.ai","UNAVAILABLE","registration","2026-09-05 15:39:16","0","8270","8270"
"viewer.ai","UNAVAILABLE","registration","2026-09-05 15:39:16","0","8270","8270"
"glimpse.ai","UNAVAILABLE","registration","2026-09-05 15:39:16","0","8270","8270"
"glimpsed.ai","UNAVAILABLE","registration","2026-09-05 15:39:16","0","8270","8270"
"glean.ai","UNAVAILABLE","registration","2026-09-05 15:39:16","0","8270","8270"
"gleaner.ai","UNAVAILABLE","registration","2026-09-05 15:39:16","0","8270","8270"
"gleaned.ai","UNAVAILABLE","registration","2026-09-05 15:39:16","0","8270","8270"
"reveries.ai","UNAVAILABLE","registration","2026-09-05 15:39:16","0","8270","8270"
"revering.ai","AVAILABLE","registration","2026-09-05 15:39:16","0","8270","8270"
"reverent.ai","UNAVAILABLE","registration","2026-09-05 15:39:16","0","8270","8270"
"daydreamer.ai","UNAVAILABLE","registration","2026-09-05 15:39:16","0","8270","8270"
"dreaming.ai","UNAVAILABLE","registration","2026-09-05 15:39:16","0","8270","8270"
"lucid.ai","UNAVAILABLE","registration","2026-09-05 15:39:16","0","8270","8270"
"limpidly.ai","AVAILABLE","registration","2026-09-05 15:39:16","0","8270","8270"
"numinous.ai","UNAVAILABLE","registration","2026-09-05 15:39:16","0","8270","8270"
"noumenal.ai","UNAVAILABLE","registration","2026-09-05 15:39:16","0","8270","8270"
"quale.ai","UNAVAILABLE","registration","2026-09-05 15:39:16","0","8270","8270"
"quiddity.ai","UNAVAILABLE","registration","2026-09-05 15:39:16","0","8270","8270"
"quiddler.ai","AVAILABLE","registration","2026-09-05 15:39:16","0","8270","8270"
"eidos.ai","UNAVAILABLE","registration","2026-09-05 15:39:16","0","8270","8270"
"eidola.ai","UNAVAILABLE","registration","2026-09-05 15:39:16","0","8270","8270"
"monad.ai","UNAVAILABLE","registration","2026-09-05 15:39:16","0","8270","8270"
"dyad.ai","UNAVAILABLE","registration","2026-09-05 15:39:16","0","8270","8270"
"triad.ai","UNAVAILABLE","registration","2026-09-05 15:39:16","0","8270","8270"
"tetrad.ai","UNAVAILABLE","registration","2026-09-05 15:39:16","0","8270","8270"
"pentad.ai","UNAVAILABLE","registration","2026-09-05 15:39:16","0","8270","8270"
"ennead.ai","UNAVAILABLE","registration","2026-09-05 15:39:16","0","8270","8270"
"heptad.ai","AVAILABLE","registration","2026-09-05 15:39:16","0","8270","8270"
"sextet.ai","UNAVAILABLE","registration","2026-09-05 15:39:16","0","8270","8270"
"octet.ai","UNAVAILABLE","registration","2026-09-05 15:39:16","0","8270","8270"
"nonet.ai","UNAVAILABLE","registration","2026-09-05 15:39:16","0","8270","8270"
"septet.ai","UNAVAILABLE","registration","2026-09-05 15:39:16","0","8270","8270"
"sevenfold.ai","UNAVAILABLE","registration","2026-09-05 15:39:16","0","8270","8270"
"moonglow.ai","UNAVAILABLE","registration","2026-09-05 15:41:01","0","8270","8270"
"moondust.ai","UNAVAILABLE","registration","2026-09-05 15:41:01","0","8270","8270"
"moonbow.ai","UNAVAILABLE","registration","2026-09-05 15:41:01","0","8270","8270"
"sunshower.ai","UNAVAILABLE","registration","2026-09-05 15:41:01","0","8270","8270"
"sunblind.ai","AVAILABLE","registration","2026-09-05 15:41:01","0","8270","8270"
"moonward.ai","UNAVAILABLE","registration","2026-09-05 15:41:01","0","8270","8270"
"sunwise.ai","UNAVAILABLE","registration","2026-09-05 15:41:01","0","8270","8270"
"sunray.ai","UNAVAILABLE","registration","2026-09-05 15:41:01","0","8270","8270"
"sunrays.ai","UNAVAILABLE","registration","2026-09-05 15:41:01","0","8270","8270"
"sunlamp.ai","UNAVAILABLE","registration","2026-09-05 15:41:01","0","8270","8270"
"suntime.ai","UNAVAILABLE","registration","2026-09-05 15:41:01","0","8270","8270"
"dewfall.ai","UNAVAILABLE","registration","2026-09-05 15:41:01","0","8270","8270"
"dewily.ai","AVAILABLE","registration","2026-09-05 15:41:01","0","8270","8270"
"daylily.ai","UNAVAILABLE","registration","2026-09-05 15:41:01","0","8270","8270"
"snowbell.ai","UNAVAILABLE","registration","2026-09-05 15:41:01","0","8270","8270"
"snowdrop.ai","UNAVAILABLE","registration","2026-09-05 15:41:01","0","8270","8270"
"snowcap.ai","UNAVAILABLE","registration","2026-09-05 15:41:01","0","8270","8270"
"snowbank.ai","UNAVAILABLE","registration","2026-09-05 15:41:01","0","8270","8270"
"snowflake.ai","UNAVAILABLE","registration","2026-09-05 15:41:01","0","8270","8270"
"snowdrift.ai","UNAVAILABLE","registration","2026-09-05 15:41:01","0","8270","8270"
"snowmelt.ai","UNAVAILABLE","registration","2026-09-05 15:41:01","0","8270","8270"
"snowfall.ai","UNAVAILABLE","registration","2026-09-05 15:41:01","0","8270","8270"
"snowbird.ai","UNAVAILABLE","registration","2026-09-05 15:41:01","0","8270","8270"
"sundew.ai","UNAVAILABLE","registration","2026-09-05 15:41:01","0","8270","8270"
"bellflower.ai","UNAVAILABLE","registration","2026-09-05 15:41:01","0","8270","8270"
"snowberry.ai","UNAVAILABLE","registration","2026-09-05 15:41:01","0","8270","8270"
"cloudberry.ai","UNAVAILABLE","registration","2026-09-05 15:41:01","0","8270","8270"
"cloudlet.ai","UNAVAILABLE","registration","2026-09-05 15:41:01","0","8270","8270"
"cloudlets.ai","AVAILABLE","registration","2026-09-05 15:41:01","0","8270","8270"
"foglet.ai","AVAILABLE","registration","2026-09-05 15:41:01","0","8270","8270"
"haze.ai","UNAVAILABLE","registration","2026-09-05 15:41:01","0","8270","8270"
"hazy.ai","UNAVAILABLE","registration","2026-09-05 15:41:01","0","8270","8270"
"hazily.ai","AVAILABLE","registration","2026-09-05 15:41:01","0","8270","8270"
"misted.ai","UNAVAILABLE","registration","2026-09-05 15:41:01","0","8270","8270"
"misting.ai","AVAILABLE","registration","2026-09-05 15:41:01","0","8270","8270"
"mistlike.ai","AVAILABLE","registration","2026-09-05 15:41:01","0","8270","8270"
"mothy.ai","AVAILABLE","registration","2026-09-05 15:41:01","0","8270","8270"
"mothwing.ai","AVAILABLE","registration","2026-09-05 15:41:01","0","8270","8270"
"mothlike.ai","AVAILABLE","registration","2026-09-05 15:41:01","0","8270","8270"
"fireflies.ai","UNAVAILABLE","registration","2026-09-05 15:41:01","0","8270","8270"
"glowfly.ai","UNAVAILABLE","registration","2026-09-05 15:41:01","0","8270","8270"
"glowmoth.ai","AVAILABLE","registration","2026-09-05 15:41:01","0","8270","8270"
"fireweed.ai","UNAVAILABLE","registration","2026-09-05 15:41:01","0","8270","8270"
"foxglove.ai","UNAVAILABLE","registration","2026-09-05 15:41:01","0","8270","8270"
"foxfire.ai","UNAVAILABLE","registration","2026-09-05 15:41:01","0","8270","8270"
"foxtail.ai","UNAVAILABLE","registration","2026-09-05 15:41:01","0","8270","8270"
"heather.ai","UNAVAILABLE","registration","2026-09-05 15:41:01","0","8270","8270"
"heath.ai","UNAVAILABLE","registration","2026-09-05 15:41:01","0","8270","8270"
"heathery.ai","UNAVAILABLE","registration","2026-09-05 15:41:01","0","8270","8270"
"gorse.ai","UNAVAILABLE","registration","2026-09-05 15:41:01","0","8270","8270"
"gorget.ai","AVAILABLE","registration","2026-09-05 15:41:01","0","8270","8270"
"gorsy.ai","AVAILABLE","registration","2026-09-05 15:41:01","0","8270","8270"
"fernery.ai","AVAILABLE","registration","2026-09-05 15:41:01","0","8270","8270"
"fernlike.ai","AVAILABLE","registration","2026-09-05 15:41:01","0","8270","8270"
"ferny.ai","UNAVAILABLE","registration","2026-09-05 15:41:01","0","8270","8270"
"bramble.ai","UNAVAILABLE","registration","2026-09-05 15:41:01","0","8270","8270"
"brambly.ai","AVAILABLE","registration","2026-09-05 15:41:01","0","8270","8270"
"briar.ai","UNAVAILABLE","registration","2026-09-05 15:41:01","0","8270","8270"
"brier.ai","UNAVAILABLE","registration","2026-09-05 15:41:01","0","8270","8270"
"briary.ai","AVAILABLE","registration","2026-09-05 15:41:01","0","8270","8270"
"reedy.ai","UNAVAILABLE","registration","2026-09-05 15:41:01","0","8270","8270"
"reedlike.ai","AVAILABLE","registration","2026-09-05 15:41:01","0","8270","8270"
"sedgy.ai","UNAVAILABLE","registration","2026-09-05 15:41:01","0","8270","8270"
"rushy.ai","UNAVAILABLE","registration","2026-09-05 15:41:01","0","8270","8270"
"rushlet.ai","AVAILABLE","registration","2026-09-05 15:41:01","0","8270","8270"
"rills.ai","UNAVAILABLE","registration","2026-09-05 15:41:01","0","8270","8270"
"runnels.ai","AVAILABLE","registration","2026-09-05 15:41:01","0","8270","8270"
"rindle.ai","UNAVAILABLE","registration","2026-09-05 15:41:01","0","8270","8270"
"rillet.ai","UNAVAILABLE","registration","2026-09-05 15:41:01","0","8270","8270"
"freshets.ai","AVAILABLE","registration","2026-09-05 15:41:01","0","8270","8270"
"streamlet.ai","UNAVAILABLE","registration","2026-09-05 15:41:01","0","8270","8270"
"brooklet.ai","UNAVAILABLE","registration","2026-09-05 15:41:01","0","8270","8270"
"brooklets.ai","AVAILABLE","registration","2026-09-05 15:41:01","0","8270","8270"
"brookside.ai","UNAVAILABLE","registration","2026-09-05 15:41:01","0","8270","8270"
"rivulet.ai","UNAVAILABLE","registration","2026-09-05 15:41:01","0","8270","8270"
"rivery.ai","UNAVAILABLE","registration","2026-09-05 15:41:01","0","8270","8270"
"riverlet.ai","AVAILABLE","registration","2026-09-05 15:41:01","0","8270","8270"
"flowlet.ai","UNAVAILABLE","registration","2026-09-05 15:41:01","0","8270","8270"
"flowstone.ai","UNAVAILABLE","registration","2026-09-05 15:41:01","0","8270","8270"
"flowage.ai","UNAVAILABLE","registration","2026-09-05 15:41:01","0","8270","8270"
"floe.ai","UNAVAILABLE","registration","2026-09-05 15:41:01","0","8270","8270"
"floes.ai","UNAVAILABLE","registration","2026-09-05 15:41:01","0","8270","8270"
"floater.ai","UNAVAILABLE","registration","2026-09-05 15:41:01","0","8270","8270"
"floaty.ai","UNAVAILABLE","registration","2026-09-05 15:41:01","0","8270","8270"
"afloat.ai","UNAVAILABLE","registration","2026-09-05 15:41:01","0","8270","8270"
"adrift.ai","UNAVAILABLE","registration","2026-09-05 15:41:01","0","8270","8270"
"drifter.ai","UNAVAILABLE","registration","2026-09-05 15:41:01","0","8270","8270"
"drifting.ai","UNAVAILABLE","registration","2026-09-05 15:41:01","0","8270","8270"
"drifted.ai","UNAVAILABLE","registration","2026-09-05 15:41:01","0","8270","8270"
"drifty.ai","UNAVAILABLE","registration","2026-09-05 15:41:01","0","8270","8270"
"waft.ai","UNAVAILABLE","registration","2026-09-05 15:41:01","0","8270","8270"
"wafting.ai","AVAILABLE","registration","2026-09-05 15:41:01","0","8270","8270"
"wafted.ai","AVAILABLE","registration","2026-09-05 15:41:01","0","8270","8270"
"wafture.ai","AVAILABLE","registration","2026-09-05 15:41:01","0","8270","8270"
"wisp.ai","UNAVAILABLE","registration","2026-09-05 15:41:01","0","8270","8270"
"wisps.ai","UNAVAILABLE","registration","2026-09-05 15:41:01","0","8270","8270"
"wispy.ai","UNAVAILABLE","registration","2026-09-05 15:41:01","0","8270","8270"
"wispily.ai","AVAILABLE","registration","2026-09-05 15:41:01","0","8270","8270"
"wispen.ai","UNAVAILABLE","registration","2026-09-05 15:41:01","0","8270","8270"
"zephyr.ai","UNAVAILABLE","registration","2026-09-05 15:41:01","0","8270","8270"

